"","date","t2m","site"
"12590",2020-03-13 21:00:00,29.1,"FG-814080-99999"
"21480",2020-03-13 22:00:00,28,"FG-814080-99999"
"31049",2020-03-13 23:00:00,26.7,"FG-814080-99999"
"41050",2020-03-14 00:00:00,25.7,"FG-814080-99999"
"51049",2020-03-14 01:00:00,25.1,"FG-814080-99999"
"61040",2020-03-14 02:00:00,24.2,"FG-814080-99999"
"71049",2020-03-14 03:00:00,24,"FG-814080-99999"
"81008",2020-03-14 04:00:00,23.7,"FG-814080-99999"
"91003",2020-03-14 05:00:00,23.6,"FG-814080-99999"
"101003",2020-03-14 06:00:00,23.2,"FG-814080-99999"
"111003",2020-03-14 07:00:00,23.5,"FG-814080-99999"
"12600",2020-03-14 08:00:00,23.6,"FG-814080-99999"
"13400",2020-03-14 09:00:00,23,"FG-814080-99999"
"14400",2020-03-14 10:00:00,22.7,"FG-814080-99999"
"15300",2020-03-14 11:00:00,24.6,"FG-814080-99999"
"16700",2020-03-14 12:00:00,26.5,"FG-814080-99999"
"17290",2020-03-14 13:00:00,28,"FG-814080-99999"
"18600",2020-03-14 14:00:00,30,"FG-814080-99999"
"19700",2020-03-14 15:00:00,32.1,"FG-814080-99999"
"20600",2020-03-14 16:00:00,32.5,"FG-814080-99999"
"21500",2020-03-14 17:00:00,33.6,"FG-814080-99999"
"22170",2020-03-14 18:00:00,33.5,"FG-814080-99999"
"23149",2020-03-14 19:00:00,32.7,"FG-814080-99999"
"24159",2020-03-14 20:00:00,30.7,"FG-814080-99999"
"25159",2020-03-14 21:00:00,29.7,"FG-814080-99999"
"26149",2020-03-14 22:00:00,27.2,"FG-814080-99999"
"27149",2020-03-14 23:00:00,26,"FG-814080-99999"
"28149",2020-03-15 00:00:00,25.2,"FG-814080-99999"
"29150",2020-03-15 01:00:00,24.7,"FG-814080-99999"
"30150",2020-03-15 02:00:00,24.5,"FG-814080-99999"
"31150",2020-03-15 03:00:00,24.2,"FG-814080-99999"
"32149",2020-03-15 04:00:00,24.1,"FG-814080-99999"
"33150",2020-03-15 05:00:00,24,"FG-814080-99999"
"34150",2020-03-15 06:00:00,24,"FG-814080-99999"
"35149",2020-03-15 07:00:00,23.7,"FG-814080-99999"
"36150",2020-03-15 08:00:00,23.5,"FG-814080-99999"
"37150",2020-03-15 09:00:00,23.6,"FG-814080-99999"
"38149",2020-03-15 10:00:00,24,"FG-814080-99999"
"39150",2020-03-15 11:00:00,25.5,"FG-814080-99999"
"40149",2020-03-15 12:00:00,28.2,"FG-814080-99999"
"41150",2020-03-15 13:00:00,29.7,"FG-814080-99999"
"42148",2020-03-15 14:00:00,31.5,"FG-814080-99999"
"43149",2020-03-15 15:00:00,31.7,"FG-814080-99999"
"44148",2020-03-15 16:00:00,31.7,"FG-814080-99999"
"45149",2020-03-15 17:00:00,33.5,"FG-814080-99999"
"46150",2020-03-15 18:00:00,33,"FG-814080-99999"
"47150",2020-03-15 19:00:00,32.2,"FG-814080-99999"
"48149",2020-03-15 20:00:00,31.2,"FG-814080-99999"
"49149",2020-03-15 21:00:00,30.1,"FG-814080-99999"
"50140",2020-03-15 22:00:00,28.6,"FG-814080-99999"
"51150",2020-03-15 23:00:00,27.6,"FG-814080-99999"
"52150",2020-03-16 00:00:00,26.7,"FG-814080-99999"
"53150",2020-03-16 01:00:00,25.7,"FG-814080-99999"
"54150",2020-03-16 02:00:00,25.5,"FG-814080-99999"
"55149",2020-03-16 03:00:00,25.2,"FG-814080-99999"
"56140",2020-03-16 04:00:00,24.7,"FG-814080-99999"
"57150",2020-03-16 05:00:00,24.5,"FG-814080-99999"
"58150",2020-03-16 06:00:00,24.5,"FG-814080-99999"
"59149",2020-03-16 07:00:00,24.1,"FG-814080-99999"
"60150",2020-03-16 08:00:00,24,"FG-814080-99999"
"61150",2020-03-16 09:00:00,23.5,"FG-814080-99999"
"62149",2020-03-16 10:00:00,23.2,"FG-814080-99999"
"63150",2020-03-16 11:00:00,25.2,"FG-814080-99999"
"64148",2020-03-16 12:00:00,27.1,"FG-814080-99999"
"65140",2020-03-16 13:00:00,29.2,"FG-814080-99999"
"66140",2020-03-16 14:00:00,30.2,"FG-814080-99999"
"67149",2020-03-16 15:00:00,32.7,"FG-814080-99999"
"68140",2020-03-16 16:00:00,33.6,"FG-814080-99999"
"69147",2020-03-16 17:00:00,32.2,"FG-814080-99999"
"70140",2020-03-16 18:00:00,33,"FG-814080-99999"
"71140",2020-03-16 19:00:00,33,"FG-814080-99999"
"72138",2020-03-16 20:00:00,31.2,"FG-814080-99999"
"73137",2020-03-16 21:00:00,29.2,"FG-814080-99999"
"74138",2020-03-16 22:00:00,28.2,"FG-814080-99999"
"75139",2020-03-16 23:00:00,27.2,"FG-814080-99999"
"76138",2020-03-17 00:00:00,26.5,"FG-814080-99999"
"77136",2020-03-17 01:00:00,25.5,"FG-814080-99999"
"78138",2020-03-17 02:00:00,25,"FG-814080-99999"
"79136",2020-03-17 03:00:00,24.5,"FG-814080-99999"
"80137",2020-03-17 04:00:00,24,"FG-814080-99999"
"81138",2020-03-17 05:00:00,23.2,"FG-814080-99999"
"82129",2020-03-17 06:00:00,23,"FG-814080-99999"
"83130",2020-03-17 07:00:00,23.1,"FG-814080-99999"
"84127",2020-03-17 08:00:00,22.7,"FG-814080-99999"
"85127",2020-03-17 09:00:00,22.2,"FG-814080-99999"
"86123",2020-03-17 10:00:00,22.5,"FG-814080-99999"
"87120",2020-03-17 11:00:00,25.2,"FG-814080-99999"
"88105",2020-03-17 12:00:00,27.7,"FG-814080-99999"
"89102",2020-03-17 13:00:00,29.5,"FG-814080-99999"
"90104",2020-03-17 14:00:00,31,"FG-814080-99999"
"91108",2020-03-17 15:00:00,30.5,"FG-814080-99999"
"92106",2020-03-17 16:00:00,29.1,"FG-814080-99999"
"93105",2020-03-17 17:00:00,28.6,"FG-814080-99999"
"94105",2020-03-17 18:00:00,27.5,"FG-814080-99999"
"95104",2020-03-17 19:00:00,25.5,"FG-814080-99999"
"96104",2020-03-17 20:00:00,25.5,"FG-814080-99999"
"97107",2020-03-17 21:00:00,25.2,"FG-814080-99999"
"98102",2020-03-17 22:00:00,25.1,"FG-814080-99999"
"99107",2020-03-17 23:00:00,25,"FG-814080-99999"
"100105",2020-03-18 00:00:00,24.7,"FG-814080-99999"
"101107",2020-03-18 01:00:00,24.7,"FG-814080-99999"
"102106",2020-03-18 02:00:00,24.2,"FG-814080-99999"
"103106",2020-03-18 03:00:00,24,"FG-814080-99999"
"104106",2020-03-18 04:00:00,23.7,"FG-814080-99999"
"105104",2020-03-18 05:00:00,24.2,"FG-814080-99999"
"106104",2020-03-18 06:00:00,23.7,"FG-814080-99999"
"107105",2020-03-18 07:00:00,23.6,"FG-814080-99999"
"108106",2020-03-18 08:00:00,23.2,"FG-814080-99999"
"109105",2020-03-18 09:00:00,23.6,"FG-814080-99999"
"110104",2020-03-18 10:00:00,24,"FG-814080-99999"
"111106",2020-03-18 11:00:00,25,"FG-814080-99999"
"112106",2020-03-18 12:00:00,26.2,"FG-814080-99999"
"113104",2020-03-18 13:00:00,26.6,"FG-814080-99999"
"114102",2020-03-18 14:00:00,27.5,"FG-814080-99999"
"115105",2020-03-18 15:00:00,26.7,"FG-814080-99999"
"116103",2020-03-18 16:00:00,26,"FG-814080-99999"
"117104",2020-03-18 17:00:00,26.7,"FG-814080-99999"
"118105",2020-03-18 18:00:00,27.5,"FG-814080-99999"
"119105",2020-03-18 19:00:00,27.1,"FG-814080-99999"
"120105",2020-03-18 20:00:00,26.1,"FG-814080-99999"
"121106",2020-03-18 21:00:00,24.7,"FG-814080-99999"
"122102",2020-03-18 22:00:00,24.7,"FG-814080-99999"
"123102",2020-03-18 23:00:00,24.7,"FG-814080-99999"
"124101",2020-03-19 00:00:00,25,"FG-814080-99999"
"125100",2020-03-19 01:00:00,25,"FG-814080-99999"
"12690",2020-03-19 02:00:00,25,"FG-814080-99999"
"127101",2020-03-19 03:00:00,25,"FG-814080-99999"
"12890",2020-03-19 04:00:00,25,"FG-814080-99999"
"12990",2020-03-19 05:00:00,24.7,"FG-814080-99999"
"130100",2020-03-19 06:00:00,24.7,"FG-814080-99999"
"131102",2020-03-19 07:00:00,24.7,"FG-814080-99999"
"132100",2020-03-19 08:00:00,24.6,"FG-814080-99999"
"133100",2020-03-19 09:00:00,24.6,"FG-814080-99999"
"13490",2020-03-19 10:00:00,24.5,"FG-814080-99999"
"13580",2020-03-19 11:00:00,25,"FG-814080-99999"
"136100",2020-03-19 12:00:00,25.7,"FG-814080-99999"
"13790",2020-03-19 13:00:00,26.7,"FG-814080-99999"
"138101",2020-03-19 14:00:00,27.7,"FG-814080-99999"
"139101",2020-03-19 15:00:00,29.2,"FG-814080-99999"
"140100",2020-03-19 16:00:00,29.6,"FG-814080-99999"
"141102",2020-03-19 17:00:00,29.1,"FG-814080-99999"
"142100",2020-03-19 18:00:00,29.7,"FG-814080-99999"
"143100",2020-03-19 19:00:00,29.2,"FG-814080-99999"
"144100",2020-03-19 20:00:00,28.6,"FG-814080-99999"
"145102",2020-03-19 21:00:00,27.7,"FG-814080-99999"
"14680",2020-03-19 22:00:00,27,"FG-814080-99999"
"147101",2020-03-19 23:00:00,26.2,"FG-814080-99999"
"148100",2020-03-20 00:00:00,25.7,"FG-814080-99999"
"149100",2020-03-20 01:00:00,25.5,"FG-814080-99999"
"15080",2020-03-20 02:00:00,25.1,"FG-814080-99999"
"151101",2020-03-20 03:00:00,25,"FG-814080-99999"
"152101",2020-03-20 04:00:00,24.6,"FG-814080-99999"
"153100",2020-03-20 05:00:00,24.5,"FG-814080-99999"
"154102",2020-03-20 06:00:00,24.2,"FG-814080-99999"
"155100",2020-03-20 07:00:00,24,"FG-814080-99999"
"156100",2020-03-20 08:00:00,24,"FG-814080-99999"
"157102",2020-03-20 09:00:00,23.7,"FG-814080-99999"
"158100",2020-03-20 10:00:00,23.7,"FG-814080-99999"
"159101",2020-03-20 11:00:00,24,"FG-814080-99999"
"160102",2020-03-20 12:00:00,24.7,"FG-814080-99999"
"161102",2020-03-20 13:00:00,25.7,"FG-814080-99999"
"162101",2020-03-20 14:00:00,27.6,"FG-814080-99999"
"163102",2020-03-20 15:00:00,28.7,"FG-814080-99999"
"164100",2020-03-20 16:00:00,30,"FG-814080-99999"
"165100",2020-03-20 17:00:00,30,"FG-814080-99999"
"166102",2020-03-20 18:00:00,30.5,"FG-814080-99999"
"16780",2020-03-20 19:00:00,27.7,"FG-814080-99999"
"16880",2020-03-20 20:00:00,27.2,"FG-814080-99999"
"16990",2020-03-20 21:00:00,27.1,"FG-814080-99999"
"17080",2020-03-20 22:00:00,26.2,"FG-814080-99999"
"171101",2020-03-20 23:00:00,26,"FG-814080-99999"
"172100",2020-03-21 00:00:00,25.5,"FG-814080-99999"
"17380",2020-03-21 01:00:00,25.2,"FG-814080-99999"
"17470",2020-03-21 02:00:00,25.1,"FG-814080-99999"
"17590",2020-03-21 03:00:00,24.7,"FG-814080-99999"
"17680",2020-03-21 04:00:00,24.6,"FG-814080-99999"
"177100",2020-03-21 05:00:00,24.5,"FG-814080-99999"
"17880",2020-03-21 06:00:00,24.5,"FG-814080-99999"
"17970",2020-03-21 07:00:00,24.2,"FG-814080-99999"
"180100",2020-03-21 08:00:00,23.7,"FG-814080-99999"
"181102",2020-03-21 09:00:00,23.7,"FG-814080-99999"
"182102",2020-03-21 10:00:00,24,"FG-814080-99999"
"183100",2020-03-21 11:00:00,25.1,"FG-814080-99999"
"184101",2020-03-21 12:00:00,27,"FG-814080-99999"
"185101",2020-03-21 13:00:00,27.7,"FG-814080-99999"
"186100",2020-03-21 14:00:00,29.7,"FG-814080-99999"
"187102",2020-03-21 15:00:00,31.2,"FG-814080-99999"
"188101",2020-03-21 16:00:00,29.2,"FG-814080-99999"
"18990",2020-03-21 17:00:00,29.6,"FG-814080-99999"
"190101",2020-03-21 18:00:00,29,"FG-814080-99999"
"191102",2020-03-21 19:00:00,28.7,"FG-814080-99999"
"192102",2020-03-21 20:00:00,28.5,"FG-814080-99999"
"193101",2020-03-21 21:00:00,27.7,"FG-814080-99999"
"194102",2020-03-21 22:00:00,26.7,"FG-814080-99999"
"195100",2020-03-21 23:00:00,26.1,"FG-814080-99999"
"196102",2020-03-22 00:00:00,25.2,"FG-814080-99999"
"197100",2020-03-22 01:00:00,25,"FG-814080-99999"
"198100",2020-03-22 02:00:00,24.2,"FG-814080-99999"
"199101",2020-03-22 03:00:00,24,"FG-814080-99999"
"200100",2020-03-22 04:00:00,23.5,"FG-814080-99999"
"201102",2020-03-22 05:00:00,23.2,"FG-814080-99999"
"202102",2020-03-22 06:00:00,23,"FG-814080-99999"
"203100",2020-03-22 07:00:00,22.5,"FG-814080-99999"
"204101",2020-03-22 08:00:00,22.7,"FG-814080-99999"
"205102",2020-03-22 09:00:00,22.2,"FG-814080-99999"
"206100",2020-03-22 10:00:00,22.5,"FG-814080-99999"
"20780",2020-03-22 11:00:00,24,"FG-814080-99999"
"208101",2020-03-22 12:00:00,25.5,"FG-814080-99999"
"20990",2020-03-22 13:00:00,27.2,"FG-814080-99999"
"210102",2020-03-22 14:00:00,29.1,"FG-814080-99999"
"211103",2020-03-22 15:00:00,30.7,"FG-814080-99999"
"212101",2020-03-22 16:00:00,30.7,"FG-814080-99999"
"213102",2020-03-22 17:00:00,31.2,"FG-814080-99999"
"214100",2020-03-22 18:00:00,32,"FG-814080-99999"
"21570",2020-03-22 19:00:00,31.7,"FG-814080-99999"
"21680",2020-03-22 20:00:00,30.5,"FG-814080-99999"
"217102",2020-03-22 21:00:00,29.7,"FG-814080-99999"
"218100",2020-03-22 22:00:00,28,"FG-814080-99999"
"219100",2020-03-22 23:00:00,27,"FG-814080-99999"
"22040",2020-03-23 00:00:00,25.7,"FG-814080-99999"
"22190",2020-03-23 01:00:00,25,"FG-814080-99999"
"22250",2020-03-23 02:00:00,24.2,"FG-814080-99999"
"22340",2020-03-23 03:00:00,23.7,"FG-814080-99999"
"22440",2020-03-23 04:00:00,23.5,"FG-814080-99999"
"22550",2020-03-23 05:00:00,23.5,"FG-814080-99999"
"22660",2020-03-23 06:00:00,23.2,"FG-814080-99999"
"22750",2020-03-23 07:00:00,23,"FG-814080-99999"
"22850",2020-03-23 08:00:00,22.7,"FG-814080-99999"
"22940",2020-03-23 09:00:00,22.7,"FG-814080-99999"
"23030",2020-03-23 10:00:00,23.1,"FG-814080-99999"
"23160",2020-03-23 11:00:00,25,"FG-814080-99999"
"23250",2020-03-23 12:00:00,27,"FG-814080-99999"
"23340",2020-03-23 13:00:00,28.6,"FG-814080-99999"
"23440",2020-03-23 14:00:00,30.5,"FG-814080-99999"
"23550",2020-03-23 15:00:00,31.7,"FG-814080-99999"
"23640",2020-03-23 16:00:00,30.5,"FG-814080-99999"
"23740",2020-03-23 17:00:00,30,"FG-814080-99999"
"23850",2020-03-23 18:00:00,30.7,"FG-814080-99999"
"23940",2020-03-23 19:00:00,28,"FG-814080-99999"
"24048",2020-03-23 20:00:00,26,"FG-814080-99999"
"24168",2020-03-23 21:00:00,25.7,"FG-814080-99999"
"24230",2020-03-23 22:00:00,25.5,"FG-814080-99999"
"24348",2020-03-23 23:00:00,25.5,"FG-814080-99999"
"24440",2020-03-24 00:00:00,25.5,"FG-814080-99999"
"24530",2020-03-24 01:00:00,24.7,"FG-814080-99999"
"24640",2020-03-24 02:00:00,24.7,"FG-814080-99999"
"24740",2020-03-24 03:00:00,24.6,"FG-814080-99999"
"24830",2020-03-24 04:00:00,24.6,"FG-814080-99999"
"24940",2020-03-24 05:00:00,24.5,"FG-814080-99999"
"25040",2020-03-24 06:00:00,24.5,"FG-814080-99999"
"25160",2020-03-24 07:00:00,24.2,"FG-814080-99999"
"25240",2020-03-24 08:00:00,24.2,"FG-814080-99999"
"25340",2020-03-24 09:00:00,24,"FG-814080-99999"
"25448",2020-03-24 10:00:00,24.2,"FG-814080-99999"
"25540",2020-03-24 11:00:00,24.5,"FG-814080-99999"
"25640",2020-03-24 13:00:00,24.2,"FG-814080-99999"
"25740",2020-03-24 14:00:00,24.1,"FG-814080-99999"
"25840",2020-03-24 15:00:00,23.5,"FG-814080-99999"
"25950",2020-03-24 16:00:00,23.5,"FG-814080-99999"
"26040",2020-03-24 17:00:00,23.2,"FG-814080-99999"
"26160",2020-03-24 18:00:00,23.6,"FG-814080-99999"
"26230",2020-03-24 19:00:00,23.7,"FG-814080-99999"
"26330",2020-03-24 20:00:00,23.7,"FG-814080-99999"
"26438",2020-03-24 21:00:00,24,"FG-814080-99999"
"26530",2020-03-24 22:00:00,23.7,"FG-814080-99999"
"26630",2020-03-24 23:00:00,23.5,"FG-814080-99999"
"26738",2020-03-25 00:00:00,23.5,"FG-814080-99999"
"26830",2020-03-25 01:00:00,23.6,"FG-814080-99999"
"26930",2020-03-25 02:00:00,23.7,"FG-814080-99999"
"27038",2020-03-25 03:00:00,23.6,"FG-814080-99999"
"27150",2020-03-25 04:00:00,23.5,"FG-814080-99999"
"27230",2020-03-25 05:00:00,23.5,"FG-814080-99999"
"27338",2020-03-25 06:00:00,23.2,"FG-814080-99999"
"27439",2020-03-25 07:00:00,23.2,"FG-814080-99999"
"27530",2020-03-25 08:00:00,23.2,"FG-814080-99999"
"27638",2020-03-25 09:00:00,23.2,"FG-814080-99999"
"27730",2020-03-25 11:00:00,23.5,"FG-814080-99999"
"27829",2020-03-25 12:00:00,23.7,"FG-814080-99999"
"27938",2020-03-25 13:00:00,24.2,"FG-814080-99999"
"28030",2020-03-25 14:00:00,25.1,"FG-814080-99999"
"28150",2020-03-25 15:00:00,26.5,"FG-814080-99999"
"28239",2020-03-25 16:00:00,27.2,"FG-814080-99999"
"28339",2020-03-25 17:00:00,26.2,"FG-814080-99999"
"28430",2020-03-25 18:00:00,25.6,"FG-814080-99999"
"28530",2020-03-25 19:00:00,25.2,"FG-814080-99999"
"28640",2020-03-25 20:00:00,25.7,"FG-814080-99999"
"28738",2020-03-25 21:00:00,25.7,"FG-814080-99999"
"28839",2020-03-25 22:00:00,25.5,"FG-814080-99999"
"28939",2020-03-25 23:00:00,24.7,"FG-814080-99999"
"29039",2020-03-26 00:00:00,24.7,"FG-814080-99999"
"29158",2020-03-26 01:00:00,24.6,"FG-814080-99999"
"29240",2020-03-26 02:00:00,24.6,"FG-814080-99999"
"29340",2020-03-26 03:00:00,24.5,"FG-814080-99999"
"29430",2020-03-26 04:00:00,24.6,"FG-814080-99999"
"29539",2020-03-26 05:00:00,24.5,"FG-814080-99999"
"29638",2020-03-26 06:00:00,24.2,"FG-814080-99999"
"29740",2020-03-26 07:00:00,24.2,"FG-814080-99999"
"29840",2020-03-26 08:00:00,24,"FG-814080-99999"
"29930",2020-03-26 09:00:00,24.1,"FG-814080-99999"
"30030",2020-03-26 10:00:00,24.2,"FG-814080-99999"
"30160",2020-03-26 11:00:00,24.5,"FG-814080-99999"
"30230",2020-03-26 12:00:00,25.1,"FG-814080-99999"
"30330",2020-03-26 13:00:00,25.7,"FG-814080-99999"
"30440",2020-03-26 14:00:00,27.1,"FG-814080-99999"
"30530",2020-03-26 15:00:00,28,"FG-814080-99999"
"30630",2020-03-26 16:00:00,28.2,"FG-814080-99999"
"30740",2020-03-26 17:00:00,26.6,"FG-814080-99999"
"30830",2020-03-26 18:00:00,27.6,"FG-814080-99999"
"30940",2020-03-26 19:00:00,27,"FG-814080-99999"
"31050",2020-03-26 20:00:00,25.7,"FG-814080-99999"
"31159",2020-03-26 21:00:00,24.7,"FG-814080-99999"
"31230",2020-03-26 22:00:00,24.7,"FG-814080-99999"
"31340",2020-03-26 23:00:00,24.7,"FG-814080-99999"
"31438",2020-03-27 00:00:00,24.6,"FG-814080-99999"
"31549",2020-03-27 01:00:00,24.5,"FG-814080-99999"
"31640",2020-03-27 02:00:00,24.2,"FG-814080-99999"
"31738",2020-03-27 03:00:00,24.5,"FG-814080-99999"
"31839",2020-03-27 04:00:00,24.1,"FG-814080-99999"
"31950",2020-03-27 05:00:00,24,"FG-814080-99999"
"32040",2020-03-27 06:00:00,24,"FG-814080-99999"
"32150",2020-03-27 07:00:00,24.2,"FG-814080-99999"
"32240",2020-03-27 08:00:00,24.2,"FG-814080-99999"
"32340",2020-03-27 09:00:00,24.2,"FG-814080-99999"
"32439",2020-03-27 10:00:00,24.5,"FG-814080-99999"
"32539",2020-03-27 11:00:00,24.6,"FG-814080-99999"
"32639",2020-03-27 12:00:00,25,"FG-814080-99999"
"32740",2020-03-27 13:00:00,25.1,"FG-814080-99999"
"32840",2020-03-27 14:00:00,24.5,"FG-814080-99999"
"32939",2020-03-27 15:00:00,24.7,"FG-814080-99999"
"33039",2020-03-27 16:00:00,24.7,"FG-814080-99999"
"33158",2020-03-27 17:00:00,24.2,"FG-814080-99999"
"33230",2020-03-27 18:00:00,23.7,"FG-814080-99999"
"33338",2020-03-27 19:00:00,24.2,"FG-814080-99999"
"33440",2020-03-27 20:00:00,24.5,"FG-814080-99999"
"33540",2020-03-27 21:00:00,24.5,"FG-814080-99999"
"33640",2020-03-27 22:00:00,24.1,"FG-814080-99999"
"33740",2020-03-27 23:00:00,24.1,"FG-814080-99999"
"33840",2020-03-28 00:00:00,24.1,"FG-814080-99999"
"33939",2020-03-28 01:00:00,24,"FG-814080-99999"
"34040",2020-03-28 02:00:00,24.1,"FG-814080-99999"
"34160",2020-03-28 03:00:00,24,"FG-814080-99999"
"34239",2020-03-28 04:00:00,24.1,"FG-814080-99999"
"34340",2020-03-28 05:00:00,24,"FG-814080-99999"
"34440",2020-03-28 06:00:00,23.7,"FG-814080-99999"
"34539",2020-03-28 07:00:00,23.7,"FG-814080-99999"
"34640",2020-03-28 08:00:00,24,"FG-814080-99999"
"34739",2020-03-28 09:00:00,23.7,"FG-814080-99999"
"34839",2020-03-28 10:00:00,23.7,"FG-814080-99999"
"34940",2020-03-28 11:00:00,24.5,"FG-814080-99999"
"35040",2020-03-28 12:00:00,25.1,"FG-814080-99999"
"35150",2020-03-28 13:00:00,26.7,"FG-814080-99999"
"35240",2020-03-28 14:00:00,27.2,"FG-814080-99999"
"35340",2020-03-28 15:00:00,27.5,"FG-814080-99999"
"35439",2020-03-28 16:00:00,27,"FG-814080-99999"
"35540",2020-03-28 17:00:00,29.1,"FG-814080-99999"
"35639",2020-03-28 18:00:00,27.5,"FG-814080-99999"
"35739",2020-03-28 19:00:00,27,"FG-814080-99999"
"35840",2020-03-28 20:00:00,26.6,"FG-814080-99999"
"35939",2020-03-28 21:00:00,26.7,"FG-814080-99999"
"36030",2020-03-28 22:00:00,26.5,"FG-814080-99999"
"36158",2020-03-28 23:00:00,26.1,"FG-814080-99999"
"36230",2020-03-29 00:00:00,25.7,"FG-814080-99999"
"36338",2020-03-29 01:00:00,25.5,"FG-814080-99999"
"36439",2020-03-29 02:00:00,25.5,"FG-814080-99999"
"36530",2020-03-29 03:00:00,25.2,"FG-814080-99999"
"36638",2020-03-29 04:00:00,23.7,"FG-814080-99999"
"36739",2020-03-29 05:00:00,24,"FG-814080-99999"
"36840",2020-03-29 06:00:00,24.5,"FG-814080-99999"
"36939",2020-03-29 07:00:00,24.5,"FG-814080-99999"
"37040",2020-03-29 08:00:00,24.5,"FG-814080-99999"
"37160",2020-03-29 09:00:00,24.2,"FG-814080-99999"
"37239",2020-03-29 10:00:00,24.2,"FG-814080-99999"
"37340",2020-03-29 11:00:00,24.2,"FG-814080-99999"
"37440",2020-03-29 12:00:00,24.7,"FG-814080-99999"
"37538",2020-03-29 13:00:00,25.7,"FG-814080-99999"
"37640",2020-03-29 14:00:00,26,"FG-814080-99999"
"37739",2020-03-29 15:00:00,27.5,"FG-814080-99999"
"37840",2020-03-29 16:00:00,27.2,"FG-814080-99999"
"37940",2020-03-29 17:00:00,28.7,"FG-814080-99999"
"38040",2020-03-29 18:00:00,29.5,"FG-814080-99999"
"38150",2020-03-29 19:00:00,29.2,"FG-814080-99999"
"38240",2020-03-29 20:00:00,29.7,"FG-814080-99999"
"38340",2020-03-29 21:00:00,28.2,"FG-814080-99999"
"38439",2020-03-29 22:00:00,27,"FG-814080-99999"
"38540",2020-03-29 23:00:00,26.5,"FG-814080-99999"
"38640",2020-03-30 00:00:00,25.7,"FG-814080-99999"
"38739",2020-03-30 01:00:00,25.5,"FG-814080-99999"
"38840",2020-03-30 02:00:00,25.2,"FG-814080-99999"
"38940",2020-03-30 03:00:00,25.1,"FG-814080-99999"
"39039",2020-03-30 04:00:00,24.7,"FG-814080-99999"
"39158",2020-03-30 05:00:00,24.7,"FG-814080-99999"
"39239",2020-03-30 06:00:00,24.5,"FG-814080-99999"
"39338",2020-03-30 07:00:00,24,"FG-814080-99999"
"39440",2020-03-30 08:00:00,24.2,"FG-814080-99999"
"39539",2020-03-30 09:00:00,24.2,"FG-814080-99999"
"39638",2020-03-30 10:00:00,24.7,"FG-814080-99999"
"39740",2020-03-30 11:00:00,26.2,"FG-814080-99999"
"39839",2020-03-30 12:00:00,26.7,"FG-814080-99999"
"39939",2020-03-30 13:00:00,28,"FG-814080-99999"
"40039",2020-03-30 14:00:00,29.5,"FG-814080-99999"
"40150",2020-03-30 15:00:00,29.7,"FG-814080-99999"
"40230",2020-03-30 16:00:00,29.6,"FG-814080-99999"
"40340",2020-03-30 17:00:00,31.5,"FG-814080-99999"
"40438",2020-03-30 18:00:00,30.2,"FG-814080-99999"
"40530",2020-03-30 19:00:00,29.2,"FG-814080-99999"
"40640",2020-03-30 20:00:00,29.5,"FG-814080-99999"
"40730",2020-03-30 21:00:00,28.7,"FG-814080-99999"
"40830",2020-03-30 22:00:00,26.7,"FG-814080-99999"
"40940",2020-03-30 23:00:00,25.7,"FG-814080-99999"
"41059",2020-03-31 00:00:00,25.1,"FG-814080-99999"
"41158",2020-03-31 01:00:00,24.7,"FG-814080-99999"
"41240",2020-03-31 02:00:00,24.5,"FG-814080-99999"
"41338",2020-03-31 03:00:00,24.2,"FG-814080-99999"
"41430",2020-03-31 04:00:00,23.7,"FG-814080-99999"
"41539",2020-03-31 05:00:00,23.5,"FG-814080-99999"
"41630",2020-03-31 06:00:00,23.5,"FG-814080-99999"
"41730",2020-03-31 07:00:00,23.5,"FG-814080-99999"
"41839",2020-03-31 08:00:00,23.2,"FG-814080-99999"
"41930",2020-03-31 09:00:00,23,"FG-814080-99999"
"42030",2020-03-31 10:00:00,23.2,"FG-814080-99999"
"42149",2020-03-31 11:00:00,25,"FG-814080-99999"
"42230",2020-03-31 12:00:00,26.7,"FG-814080-99999"
"42330",2020-03-31 13:00:00,28,"FG-814080-99999"
"42439",2020-03-31 14:00:00,29.5,"FG-814080-99999"
"42530",2020-03-31 15:00:00,27.5,"FG-814080-99999"
"42630",2020-03-31 16:00:00,27,"FG-814080-99999"
"42739",2020-03-31 17:00:00,28.6,"FG-814080-99999"
"42838",2020-03-31 18:00:00,28.7,"FG-814080-99999"
"42930",2020-03-31 19:00:00,29.2,"FG-814080-99999"
"43040",2020-03-31 20:00:00,28.5,"FG-814080-99999"
"43150",2020-03-31 21:00:00,26.5,"FG-814080-99999"
"43240",2020-03-31 22:00:00,26,"FG-814080-99999"
"43339",2020-03-31 23:00:00,25.7,"FG-814080-99999"
"43439",2020-04-01 00:00:00,25.5,"FG-814080-99999"
"43530",2020-04-01 01:00:00,25,"FG-814080-99999"
"43639",2020-04-01 02:00:00,24.6,"FG-814080-99999"
"43730",2020-04-01 03:00:00,24.6,"FG-814080-99999"
"43830",2020-04-01 04:00:00,24.6,"FG-814080-99999"
"43939",2020-04-01 05:00:00,24.7,"FG-814080-99999"
"44038",2020-04-01 06:00:00,24.6,"FG-814080-99999"
"44149",2020-04-01 07:00:00,24.7,"FG-814080-99999"
"44240",2020-04-01 08:00:00,24.5,"FG-814080-99999"
"44339",2020-04-01 09:00:00,24.5,"FG-814080-99999"
"44430",2020-04-01 10:00:00,24.6,"FG-814080-99999"
"44539",2020-04-01 11:00:00,25,"FG-814080-99999"
"44638",2020-04-01 12:00:00,25.6,"FG-814080-99999"
"44740",2020-04-01 13:00:00,25.6,"FG-814080-99999"
"44839",2020-04-01 14:00:00,27,"FG-814080-99999"
"44939",2020-04-01 15:00:00,27.5,"FG-814080-99999"
"45030",2020-04-01 16:00:00,28,"FG-814080-99999"
"45150",2020-04-01 17:00:00,25.7,"FG-814080-99999"
"45239",2020-04-01 18:00:00,26.2,"FG-814080-99999"
"45330",2020-04-01 19:00:00,26.5,"FG-814080-99999"
"45440",2020-04-01 20:00:00,26.1,"FG-814080-99999"
"45540",2020-04-01 21:00:00,25.5,"FG-814080-99999"
"45640",2020-04-01 22:00:00,25.2,"FG-814080-99999"
"45739",2020-04-01 23:00:00,25.5,"FG-814080-99999"
"45830",2020-04-02 00:00:00,25,"FG-814080-99999"
"45930",2020-04-02 01:00:00,25,"FG-814080-99999"
"46039",2020-04-02 02:00:00,25,"FG-814080-99999"
"46158",2020-04-02 03:00:00,25,"FG-814080-99999"
"46239",2020-04-02 04:00:00,24.7,"FG-814080-99999"
"46339",2020-04-02 05:00:00,24.6,"FG-814080-99999"
"46439",2020-04-02 06:00:00,24.5,"FG-814080-99999"
"46540",2020-04-02 07:00:00,24.5,"FG-814080-99999"
"46640",2020-04-02 08:00:00,24.5,"FG-814080-99999"
"46739",2020-04-02 09:00:00,24.5,"FG-814080-99999"
"46840",2020-04-02 10:00:00,24.6,"FG-814080-99999"
"46940",2020-04-02 11:00:00,24.5,"FG-814080-99999"
"47040",2020-04-02 12:00:00,24.5,"FG-814080-99999"
"47159",2020-04-02 13:00:00,24.2,"FG-814080-99999"
"47239",2020-04-02 14:00:00,24.5,"FG-814080-99999"
"47340",2020-04-02 15:00:00,24.5,"FG-814080-99999"
"47440",2020-04-02 16:00:00,24.7,"FG-814080-99999"
"47539",2020-04-02 17:00:00,25.2,"FG-814080-99999"
"47640",2020-04-02 18:00:00,25.7,"FG-814080-99999"
"47740",2020-04-02 19:00:00,25.7,"FG-814080-99999"
"47840",2020-04-02 20:00:00,26.1,"FG-814080-99999"
"47930",2020-04-02 21:00:00,26,"FG-814080-99999"
"48040",2020-04-02 22:00:00,25.5,"FG-814080-99999"
"48150",2020-04-02 23:00:00,25,"FG-814080-99999"
"48230",2020-04-03 00:00:00,25,"FG-814080-99999"
"48330",2020-04-03 01:00:00,25,"FG-814080-99999"
"48437",2020-04-03 02:00:00,24.7,"FG-814080-99999"
"48530",2020-04-03 03:00:00,24.7,"FG-814080-99999"
"48639",2020-04-03 04:00:00,24.7,"FG-814080-99999"
"48739",2020-04-03 05:00:00,24.5,"FG-814080-99999"
"48840",2020-04-03 06:00:00,24.5,"FG-814080-99999"
"48940",2020-04-03 07:00:00,24.5,"FG-814080-99999"
"49039",2020-04-03 08:00:00,24.2,"FG-814080-99999"
"49150",2020-04-03 09:00:00,24.5,"FG-814080-99999"
"49239",2020-04-03 10:00:00,24.5,"FG-814080-99999"
"49340",2020-04-03 11:00:00,25.1,"FG-814080-99999"
"49430",2020-04-03 12:00:00,26.2,"FG-814080-99999"
"49539",2020-04-03 13:00:00,27.7,"FG-814080-99999"
"49639",2020-04-03 14:00:00,28.1,"FG-814080-99999"
"49740",2020-04-03 15:00:00,28.7,"FG-814080-99999"
"49839",2020-04-03 16:00:00,28,"FG-814080-99999"
"49940",2020-04-03 17:00:00,27,"FG-814080-99999"
"50040",2020-04-03 18:00:00,26.6,"FG-814080-99999"
"50150",2020-04-03 19:00:00,26,"FG-814080-99999"
"50240",2020-04-03 20:00:00,26,"FG-814080-99999"
"50340",2020-04-03 21:00:00,26.2,"FG-814080-99999"
"50430",2020-04-03 22:00:00,26,"FG-814080-99999"
"50539",2020-04-03 23:00:00,25.5,"FG-814080-99999"
"50630",2020-04-04 00:00:00,25.2,"FG-814080-99999"
"50740",2020-04-04 01:00:00,25,"FG-814080-99999"
"50840",2020-04-04 02:00:00,25,"FG-814080-99999"
"50930",2020-04-04 03:00:00,25,"FG-814080-99999"
"51050",2020-04-04 04:00:00,25,"FG-814080-99999"
"51160",2020-04-04 05:00:00,25,"FG-814080-99999"
"51240",2020-04-04 06:00:00,25,"FG-814080-99999"
"51330",2020-04-04 07:00:00,25,"FG-814080-99999"
"51440",2020-04-04 08:00:00,25,"FG-814080-99999"
"51540",2020-04-04 09:00:00,25,"FG-814080-99999"
"51640",2020-04-04 10:00:00,25,"FG-814080-99999"
"51738",2020-04-04 11:00:00,25.5,"FG-814080-99999"
"51830",2020-04-04 12:00:00,27.2,"FG-814080-99999"
"51939",2020-04-04 13:00:00,28,"FG-814080-99999"
"52039",2020-04-04 14:00:00,29.1,"FG-814080-99999"
"52158",2020-04-04 15:00:00,29.5,"FG-814080-99999"
"52240",2020-04-04 16:00:00,30.5,"FG-814080-99999"
"52340",2020-04-04 17:00:00,31,"FG-814080-99999"
"52440",2020-04-04 18:00:00,31.7,"FG-814080-99999"
"52540",2020-04-04 19:00:00,31.7,"FG-814080-99999"
"52640",2020-04-04 20:00:00,30.7,"FG-814080-99999"
"52740",2020-04-04 21:00:00,29.7,"FG-814080-99999"
"52840",2020-04-04 22:00:00,27.7,"FG-814080-99999"
"52939",2020-04-04 23:00:00,27.1,"FG-814080-99999"
"53039",2020-04-05 00:00:00,26.5,"FG-814080-99999"
"53159",2020-04-05 01:00:00,26.2,"FG-814080-99999"
"53249",2020-04-05 02:00:00,26,"FG-814080-99999"
"53339",2020-04-05 03:00:00,25.6,"FG-814080-99999"
"53430",2020-04-05 04:00:00,25.1,"FG-814080-99999"
"53540",2020-04-05 05:00:00,24.6,"FG-814080-99999"
"53640",2020-04-05 06:00:00,25,"FG-814080-99999"
"53730",2020-04-05 07:00:00,24.7,"FG-814080-99999"
"53840",2020-04-05 08:00:00,24.2,"FG-814080-99999"
"53939",2020-04-05 09:00:00,23.7,"FG-814080-99999"
"54030",2020-04-05 10:00:00,24,"FG-814080-99999"
"54158",2020-04-05 11:00:00,25.2,"FG-814080-99999"
"54240",2020-04-05 12:00:00,27.1,"FG-814080-99999"
"54330",2020-04-05 13:00:00,28.2,"FG-814080-99999"
"54440",2020-04-05 14:00:00,30,"FG-814080-99999"
"54539",2020-04-05 15:00:00,30.6,"FG-814080-99999"
"54639",2020-04-05 16:00:00,31.6,"FG-814080-99999"
"54740",2020-04-05 17:00:00,31.5,"FG-814080-99999"
"54839",2020-04-05 18:00:00,29.7,"FG-814080-99999"
"54930",2020-04-05 19:00:00,29.2,"FG-814080-99999"
"55040",2020-04-05 20:00:00,29.7,"FG-814080-99999"
"55150",2020-04-05 21:00:00,28.6,"FG-814080-99999"
"55239",2020-04-05 22:00:00,27.6,"FG-814080-99999"
"55340",2020-04-05 23:00:00,26.7,"FG-814080-99999"
"55440",2020-04-06 00:00:00,26.5,"FG-814080-99999"
"55538",2020-04-06 01:00:00,26.7,"FG-814080-99999"
"55640",2020-04-06 02:00:00,26.6,"FG-814080-99999"
"55740",2020-04-06 03:00:00,26.2,"FG-814080-99999"
"55839",2020-04-06 04:00:00,26,"FG-814080-99999"
"55948",2020-04-06 05:00:00,25.5,"FG-814080-99999"
"56040",2020-04-06 06:00:00,25.7,"FG-814080-99999"
"56150",2020-04-06 07:00:00,25.6,"FG-814080-99999"
"56240",2020-04-06 08:00:00,25.5,"FG-814080-99999"
"56340",2020-04-06 09:00:00,25.1,"FG-814080-99999"
"56438",2020-04-06 10:00:00,25.1,"FG-814080-99999"
"56540",2020-04-06 11:00:00,27.2,"FG-814080-99999"
"56639",2020-04-06 12:00:00,28,"FG-814080-99999"
"56730",2020-04-06 13:00:00,29.5,"FG-814080-99999"
"56840",2020-04-06 14:00:00,30.5,"FG-814080-99999"
"56939",2020-04-06 15:00:00,31,"FG-814080-99999"
"57040",2020-04-06 16:00:00,31.5,"FG-814080-99999"
"57160",2020-04-06 17:00:00,31,"FG-814080-99999"
"57240",2020-04-06 18:00:00,31.2,"FG-814080-99999"
"57338",2020-04-06 19:00:00,29.7,"FG-814080-99999"
"57440",2020-04-06 20:00:00,29.5,"FG-814080-99999"
"57540",2020-04-06 21:00:00,28.6,"FG-814080-99999"
"57638",2020-04-06 23:00:00,27.1,"FG-814080-99999"
"57740",2020-04-07 00:00:00,26.5,"FG-814080-99999"
"57840",2020-04-07 01:00:00,26.5,"FG-814080-99999"
"57938",2020-04-07 02:00:00,26.6,"FG-814080-99999"
"58040",2020-04-07 03:00:00,26.6,"FG-814080-99999"
"58159",2020-04-07 04:00:00,26.2,"FG-814080-99999"
"58239",2020-04-07 05:00:00,26.1,"FG-814080-99999"
"58340",2020-04-07 06:00:00,26.1,"FG-814080-99999"
"58440",2020-04-07 07:00:00,26,"FG-814080-99999"
"58539",2020-04-07 08:00:00,25.7,"FG-814080-99999"
"58640",2020-04-07 09:00:00,25.7,"FG-814080-99999"
"58739",2020-04-07 10:00:00,25.6,"FG-814080-99999"
"58838",2020-04-07 11:00:00,25.5,"FG-814080-99999"
"58940",2020-04-07 12:00:00,25.6,"FG-814080-99999"
"59030",2020-04-07 13:00:00,27.6,"FG-814080-99999"
"59150",2020-04-07 14:00:00,28.7,"FG-814080-99999"
"59239",2020-04-07 15:00:00,28.7,"FG-814080-99999"
"59330",2020-04-07 16:00:00,26.1,"FG-814080-99999"
"59439",2020-04-07 17:00:00,27.5,"FG-814080-99999"
"59539",2020-04-07 18:00:00,29,"FG-814080-99999"
"59639",2020-04-07 19:00:00,28.7,"FG-814080-99999"
"59740",2020-04-07 20:00:00,29,"FG-814080-99999"
"59839",2020-04-07 21:00:00,28.5,"FG-814080-99999"
"59930",2020-04-07 22:00:00,27.6,"FG-814080-99999"
"60039",2020-04-07 23:00:00,27.1,"FG-814080-99999"
"60159",2020-04-08 00:00:00,26.7,"FG-814080-99999"
"60240",2020-04-08 01:00:00,26.6,"FG-814080-99999"
"60339",2020-04-08 02:00:00,26.2,"FG-814080-99999"
"60440",2020-04-08 03:00:00,26.2,"FG-814080-99999"
"60539",2020-04-08 04:00:00,26.2,"FG-814080-99999"
"60639",2020-04-08 05:00:00,26.1,"FG-814080-99999"
"60739",2020-04-08 06:00:00,26.1,"FG-814080-99999"
"60840",2020-04-08 07:00:00,26,"FG-814080-99999"
"60939",2020-04-08 08:00:00,25.7,"FG-814080-99999"
"61050",2020-04-08 09:00:00,25.5,"FG-814080-99999"
"61159",2020-04-08 10:00:00,25.5,"FG-814080-99999"
"61240",2020-04-08 11:00:00,26.5,"FG-814080-99999"
"61340",2020-04-08 12:00:00,27.7,"FG-814080-99999"
"61440",2020-04-08 13:00:00,29,"FG-814080-99999"
"61540",2020-04-08 14:00:00,29.5,"FG-814080-99999"
"61640",2020-04-08 15:00:00,30.2,"FG-814080-99999"
"61740",2020-04-08 16:00:00,32.2,"FG-814080-99999"
"61840",2020-04-08 18:00:00,31.6,"FG-814080-99999"
"61940",2020-04-08 19:00:00,32.1,"FG-814080-99999"
"62040",2020-04-08 20:00:00,30.5,"FG-814080-99999"
"62150",2020-04-08 21:00:00,29.7,"FG-814080-99999"
"62239",2020-04-08 22:00:00,28.2,"FG-814080-99999"
"62340",2020-04-08 23:00:00,27.5,"FG-814080-99999"
"62439",2020-04-09 00:00:00,27.2,"FG-814080-99999"
"62540",2020-04-09 01:00:00,26.5,"FG-814080-99999"
"62630",2020-04-09 02:00:00,26.2,"FG-814080-99999"
"62730",2020-04-09 03:00:00,26,"FG-814080-99999"
"62840",2020-04-09 04:00:00,25.5,"FG-814080-99999"
"62940",2020-04-09 05:00:00,25.2,"FG-814080-99999"
"63039",2020-04-09 06:00:00,25,"FG-814080-99999"
"63159",2020-04-09 07:00:00,24.7,"FG-814080-99999"
"63240",2020-04-09 08:00:00,25,"FG-814080-99999"
"63330",2020-04-09 09:00:00,25.1,"FG-814080-99999"
"63440",2020-04-09 10:00:00,25.2,"FG-814080-99999"
"63539",2020-04-09 11:00:00,25.7,"FG-814080-99999"
"63638",2020-04-09 12:00:00,26.7,"FG-814080-99999"
"63748",2020-04-09 13:00:00,27.1,"FG-814080-99999"
"63840",2020-04-09 14:00:00,28.1,"FG-814080-99999"
"63930",2020-04-09 15:00:00,29,"FG-814080-99999"
"64030",2020-04-09 16:00:00,29.5,"FG-814080-99999"
"64149",2020-04-09 17:00:00,30.6,"FG-814080-99999"
"64230",2020-04-09 18:00:00,30.2,"FG-814080-99999"
"64338",2020-04-09 19:00:00,29.6,"FG-814080-99999"
"64438",2020-04-09 20:00:00,28.7,"FG-814080-99999"
"64538",2020-04-09 21:00:00,28,"FG-814080-99999"
"64638",2020-04-09 22:00:00,26.6,"FG-814080-99999"
"64730",2020-04-09 23:00:00,26.5,"FG-814080-99999"
"64830",2020-04-10 00:00:00,26.2,"FG-814080-99999"
"64938",2020-04-10 01:00:00,26.2,"FG-814080-99999"
"65030",2020-04-10 02:00:00,26.1,"FG-814080-99999"
"65148",2020-04-10 03:00:00,26,"FG-814080-99999"
"65238",2020-04-10 04:00:00,25.7,"FG-814080-99999"
"65330",2020-04-10 05:00:00,25.5,"FG-814080-99999"
"65430",2020-04-10 06:00:00,25.5,"FG-814080-99999"
"65539",2020-04-10 07:00:00,25.5,"FG-814080-99999"
"65630",2020-04-10 08:00:00,25.2,"FG-814080-99999"
"65730",2020-04-10 09:00:00,25.2,"FG-814080-99999"
"65838",2020-04-10 10:00:00,25.2,"FG-814080-99999"
"65930",2020-04-10 11:00:00,24.2,"FG-814080-99999"
"66039",2020-04-10 12:00:00,24.6,"FG-814080-99999"
"66148",2020-04-10 13:00:00,24.1,"FG-814080-99999"
"66230",2020-04-10 14:00:00,24,"FG-814080-99999"
"66338",2020-04-10 15:00:00,24.2,"FG-814080-99999"
"66430",2020-04-10 16:00:00,25,"FG-814080-99999"
"66530",2020-04-10 17:00:00,25.6,"FG-814080-99999"
"66639",2020-04-10 18:00:00,26.2,"FG-814080-99999"
"66737",2020-04-10 19:00:00,27.5,"FG-814080-99999"
"66830",2020-04-10 20:00:00,27.5,"FG-814080-99999"
"66937",2020-04-10 21:00:00,27.2,"FG-814080-99999"
"67038",2020-04-10 22:00:00,26.6,"FG-814080-99999"
"67150",2020-04-10 23:00:00,26,"FG-814080-99999"
"67237",2020-04-11 00:00:00,25.5,"FG-814080-99999"
"67337",2020-04-11 01:00:00,25.5,"FG-814080-99999"
"67430",2020-04-11 02:00:00,25,"FG-814080-99999"
"67537",2020-04-11 03:00:00,24.7,"FG-814080-99999"
"67637",2020-04-11 04:00:00,24.7,"FG-814080-99999"
"67730",2020-04-11 05:00:00,25,"FG-814080-99999"
"67839",2020-04-11 06:00:00,25,"FG-814080-99999"
"67930",2020-04-11 07:00:00,24.7,"FG-814080-99999"
"68038",2020-04-11 08:00:00,24.6,"FG-814080-99999"
"68149",2020-04-11 09:00:00,24.5,"FG-814080-99999"
"68230",2020-04-11 10:00:00,24.6,"FG-814080-99999"
"68338",2020-04-11 11:00:00,25.7,"FG-814080-99999"
"68430",2020-04-11 12:00:00,27.1,"FG-814080-99999"
"68530",2020-04-11 13:00:00,28.5,"FG-814080-99999"
"68630",2020-04-11 14:00:00,28.5,"FG-814080-99999"
"68738",2020-04-11 15:00:00,30,"FG-814080-99999"
"68830",2020-04-11 16:00:00,30.5,"FG-814080-99999"
"68938",2020-04-11 17:00:00,30.7,"FG-814080-99999"
"69038",2020-04-11 18:00:00,31,"FG-814080-99999"
"69148",2020-04-11 19:00:00,31.2,"FG-814080-99999"
"69238",2020-04-11 20:00:00,29.7,"FG-814080-99999"
"69330",2020-04-11 21:00:00,28.5,"FG-814080-99999"
"69430",2020-04-11 22:00:00,27.5,"FG-814080-99999"
"69537",2020-04-11 23:00:00,26.2,"FG-814080-99999"
"69630",2020-04-12 00:00:00,25.7,"FG-814080-99999"
"69738",2020-04-12 01:00:00,25.7,"FG-814080-99999"
"69837",2020-04-12 02:00:00,25.7,"FG-814080-99999"
"69930",2020-04-12 03:00:00,25.6,"FG-814080-99999"
"70030",2020-04-12 04:00:00,25.6,"FG-814080-99999"
"70147",2020-04-12 05:00:00,25.2,"FG-814080-99999"
"70230",2020-04-12 06:00:00,25.1,"FG-814080-99999"
"70330",2020-04-12 07:00:00,25,"FG-814080-99999"
"70430",2020-04-12 08:00:00,25,"FG-814080-99999"
"70530",2020-04-12 09:00:00,25,"FG-814080-99999"
"70638",2020-04-12 10:00:00,25,"FG-814080-99999"
"70730",2020-04-12 11:00:00,26,"FG-814080-99999"
"70830",2020-04-12 12:00:00,27.5,"FG-814080-99999"
"70930",2020-04-12 13:00:00,27.7,"FG-814080-99999"
"71050",2020-04-12 14:00:00,29.6,"FG-814080-99999"
"71148",2020-04-12 15:00:00,30.5,"FG-814080-99999"
"71230",2020-04-12 16:00:00,30.7,"FG-814080-99999"
"71330",2020-04-12 17:00:00,29.7,"FG-814080-99999"
"71440",2020-04-12 18:00:00,30.2,"FG-814080-99999"
"71530",2020-04-12 19:00:00,29.7,"FG-814080-99999"
"71630",2020-04-12 20:00:00,29.2,"FG-814080-99999"
"71728",2020-04-12 21:00:00,28.2,"FG-814080-99999"
"71830",2020-04-12 22:00:00,27.5,"FG-814080-99999"
"71930",2020-04-12 23:00:00,26.5,"FG-814080-99999"
"72030",2020-04-13 00:00:00,25.7,"FG-814080-99999"
"72139",2020-04-13 01:00:00,25.2,"FG-814080-99999"
"72229",2020-04-13 02:00:00,25.2,"FG-814080-99999"
"72328",2020-04-13 03:00:00,24.7,"FG-814080-99999"
"72430",2020-04-13 04:00:00,24.2,"FG-814080-99999"
"72530",2020-04-13 05:00:00,24.2,"FG-814080-99999"
"72629",2020-04-13 06:00:00,24.2,"FG-814080-99999"
"72730",2020-04-13 07:00:00,24.5,"FG-814080-99999"
"72829",2020-04-13 08:00:00,24.5,"FG-814080-99999"
"72929",2020-04-13 09:00:00,24.2,"FG-814080-99999"
"73030",2020-04-13 10:00:00,24.5,"FG-814080-99999"
"73138",2020-04-13 11:00:00,25.5,"FG-814080-99999"
"73229",2020-04-13 12:00:00,27.7,"FG-814080-99999"
"73330",2020-04-13 13:00:00,28.2,"FG-814080-99999"
"73430",2020-04-13 14:00:00,29.2,"FG-814080-99999"
"73529",2020-04-13 15:00:00,30.5,"FG-814080-99999"
"73630",2020-04-13 16:00:00,31.6,"FG-814080-99999"
"73730",2020-04-13 17:00:00,30.5,"FG-814080-99999"
"73829",2020-04-13 18:00:00,29.2,"FG-814080-99999"
"73935",2020-04-13 19:00:00,29,"FG-814080-99999"
"74029",2020-04-13 20:00:00,29.1,"FG-814080-99999"
"74139",2020-04-13 21:00:00,27.7,"FG-814080-99999"
"74230",2020-04-13 22:00:00,26.7,"FG-814080-99999"
"74330",2020-04-13 23:00:00,26.2,"FG-814080-99999"
"74430",2020-04-14 00:00:00,25.7,"FG-814080-99999"
"74530",2020-04-14 01:00:00,25.6,"FG-814080-99999"
"74629",2020-04-14 02:00:00,25,"FG-814080-99999"
"74738",2020-04-14 03:00:00,24.7,"FG-814080-99999"
"74829",2020-04-14 04:00:00,24.7,"FG-814080-99999"
"74930",2020-04-14 05:00:00,24.5,"FG-814080-99999"
"75030",2020-04-14 06:00:00,24.5,"FG-814080-99999"
"75140",2020-04-14 07:00:00,24.2,"FG-814080-99999"
"75230",2020-04-14 08:00:00,24.1,"FG-814080-99999"
"75330",2020-04-14 09:00:00,24,"FG-814080-99999"
"75429",2020-04-14 10:00:00,24,"FG-814080-99999"
"75529",2020-04-14 11:00:00,24.7,"FG-814080-99999"
"75627",2020-04-14 12:00:00,26.5,"FG-814080-99999"
"75729",2020-04-14 13:00:00,28.2,"FG-814080-99999"
"75829",2020-04-14 14:00:00,29.2,"FG-814080-99999"
"75928",2020-04-14 15:00:00,31,"FG-814080-99999"
"76030",2020-04-14 16:00:00,30.7,"FG-814080-99999"
"76139",2020-04-14 17:00:00,31.2,"FG-814080-99999"
"76228",2020-04-14 18:00:00,30,"FG-814080-99999"
"76330",2020-04-14 19:00:00,29.7,"FG-814080-99999"
"76429",2020-04-14 20:00:00,29.1,"FG-814080-99999"
"76528",2020-04-14 21:00:00,28.2,"FG-814080-99999"
"76630",2020-04-14 22:00:00,27,"FG-814080-99999"
"76729",2020-04-14 23:00:00,26.6,"FG-814080-99999"
"76828",2020-04-15 00:00:00,26.2,"FG-814080-99999"
"76929",2020-04-15 01:00:00,25.7,"FG-814080-99999"
"77028",2020-04-15 02:00:00,25.1,"FG-814080-99999"
"77137",2020-04-15 03:00:00,24.7,"FG-814080-99999"
"77228",2020-04-15 04:00:00,24,"FG-814080-99999"
"77329",2020-04-15 05:00:00,23.7,"FG-814080-99999"
"77430",2020-04-15 18:00:00,33.2,"FG-814080-99999"
"77528",2020-04-15 19:00:00,34,"FG-814080-99999"
"77628",2020-04-15 20:00:00,31.6,"FG-814080-99999"
"77730",2020-04-15 21:00:00,29.5,"FG-814080-99999"
"77828",2020-04-15 22:00:00,28.1,"FG-814080-99999"
"77928",2020-04-15 23:00:00,27,"FG-814080-99999"
"78030",2020-04-16 00:00:00,25.7,"FG-814080-99999"
"78139",2020-04-16 01:00:00,25.2,"FG-814080-99999"
"78227",2020-04-16 02:00:00,24.7,"FG-814080-99999"
"78330",2020-04-16 03:00:00,24.1,"FG-814080-99999"
"78428",2020-04-16 04:00:00,24,"FG-814080-99999"
"78528",2020-04-16 05:00:00,23.7,"FG-814080-99999"
"78635",2020-04-16 06:00:00,23.7,"FG-814080-99999"
"78728",2020-04-16 07:00:00,23.7,"FG-814080-99999"
"78827",2020-04-16 08:00:00,23.6,"FG-814080-99999"
"78930",2020-04-16 09:00:00,23.5,"FG-814080-99999"
"79029",2020-04-16 10:00:00,24,"FG-814080-99999"
"79137",2020-04-16 11:00:00,25,"FG-814080-99999"
"79230",2020-04-16 12:00:00,27.2,"FG-814080-99999"
"79329",2020-04-16 13:00:00,28.7,"FG-814080-99999"
"79428",2020-04-16 14:00:00,29.2,"FG-814080-99999"
"79530",2020-04-16 15:00:00,30.5,"FG-814080-99999"
"79629",2020-04-16 16:00:00,32,"FG-814080-99999"
"79727",2020-04-16 17:00:00,31,"FG-814080-99999"
"79830",2020-04-16 18:00:00,31,"FG-814080-99999"
"79929",2020-04-16 19:00:00,29.7,"FG-814080-99999"
"80027",2020-04-16 20:00:00,29,"FG-814080-99999"
"80138",2020-04-16 21:00:00,27.7,"FG-814080-99999"
"80230",2020-04-16 22:00:00,27,"FG-814080-99999"
"80327",2020-04-16 23:00:00,26.6,"FG-814080-99999"
"80429",2020-04-17 00:00:00,26,"FG-814080-99999"
"80528",2020-04-17 01:00:00,25.5,"FG-814080-99999"
"80627",2020-04-17 02:00:00,25.2,"FG-814080-99999"
"80730",2020-04-17 03:00:00,24.7,"FG-814080-99999"
"80829",2020-04-17 04:00:00,24.5,"FG-814080-99999"
"80927",2020-04-17 05:00:00,24.6,"FG-814080-99999"
"81029",2020-04-17 06:00:00,24.1,"FG-814080-99999"
"81139",2020-04-17 07:00:00,24,"FG-814080-99999"
"81226",2020-04-17 08:00:00,23.7,"FG-814080-99999"
"81328",2020-04-17 09:00:00,23.6,"FG-814080-99999"
"81426",2020-04-17 10:00:00,23.5,"FG-814080-99999"
"81526",2020-04-17 11:00:00,25.5,"FG-814080-99999"
"81628",2020-04-17 12:00:00,27.7,"FG-814080-99999"
"81725",2020-04-17 13:00:00,29.2,"FG-814080-99999"
"81828",2020-04-17 14:00:00,29.5,"FG-814080-99999"
"81928",2020-04-17 15:00:00,31,"FG-814080-99999"
"82025",2020-04-17 16:00:00,27.5,"FG-814080-99999"
"82130",2020-04-17 17:00:00,25.7,"FG-814080-99999"
"82228",2020-04-17 18:00:00,25.7,"FG-814080-99999"
"82325",2020-04-17 19:00:00,26,"FG-814080-99999"
"82427",2020-04-17 20:00:00,26,"FG-814080-99999"
"82528",2020-04-17 21:00:00,26,"FG-814080-99999"
"82625",2020-04-17 22:00:00,25.5,"FG-814080-99999"
"82727",2020-04-17 23:00:00,25.2,"FG-814080-99999"
"82829",2020-04-18 00:00:00,25.1,"FG-814080-99999"
"82925",2020-04-18 01:00:00,25.2,"FG-814080-99999"
"83027",2020-04-18 02:00:00,25.1,"FG-814080-99999"
"83134",2020-04-18 03:00:00,25,"FG-814080-99999"
"83226",2020-04-18 04:00:00,25,"FG-814080-99999"
"83327",2020-04-18 05:00:00,25,"FG-814080-99999"
"83427",2020-04-18 06:00:00,24.7,"FG-814080-99999"
"83525",2020-04-18 07:00:00,24.7,"FG-814080-99999"
"83629",2020-04-18 08:00:00,24.7,"FG-814080-99999"
"83726",2020-04-18 09:00:00,24.7,"FG-814080-99999"
"83826",2020-04-18 10:00:00,24.5,"FG-814080-99999"
"83928",2020-04-18 11:00:00,25.1,"FG-814080-99999"
"84026",2020-04-18 12:00:00,25.7,"FG-814080-99999"
"84128",2020-04-18 13:00:00,26.5,"FG-814080-99999"
"84225",2020-04-18 14:00:00,27.5,"FG-814080-99999"
"84325",2020-04-18 15:00:00,28.2,"FG-814080-99999"
"84420",2020-04-18 16:00:00,28.7,"FG-814080-99999"
"84525",2020-04-18 17:00:00,29.7,"FG-814080-99999"
"84624",2020-04-18 18:00:00,29.5,"FG-814080-99999"
"84724",2020-04-18 19:00:00,28.5,"FG-814080-99999"
"84826",2020-04-18 20:00:00,28.1,"FG-814080-99999"
"84924",2020-04-18 21:00:00,27.7,"FG-814080-99999"
"85025",2020-04-18 22:00:00,27,"FG-814080-99999"
"85128",2020-04-18 23:00:00,26.2,"FG-814080-99999"
"85224",2020-04-19 00:00:00,25.7,"FG-814080-99999"
"85320",2020-04-19 01:00:00,25.2,"FG-814080-99999"
"85424",2020-04-19 02:00:00,25.1,"FG-814080-99999"
"85523",2020-04-19 03:00:00,25.1,"FG-814080-99999"
"85620",2020-04-19 04:00:00,25.1,"FG-814080-99999"
"85720",2020-04-19 05:00:00,25,"FG-814080-99999"
"85824",2020-04-19 06:00:00,24.7,"FG-814080-99999"
"85920",2020-04-19 07:00:00,24.7,"FG-814080-99999"
"86020",2020-04-19 08:00:00,24.5,"FG-814080-99999"
"86124",2020-04-19 09:00:00,24.2,"FG-814080-99999"
"86220",2020-04-19 10:00:00,25,"FG-814080-99999"
"86320",2020-04-19 11:00:00,27,"FG-814080-99999"
"86422",2020-04-19 12:00:00,27.7,"FG-814080-99999"
"86520",2020-04-19 13:00:00,29.2,"FG-814080-99999"
"86624",2020-04-19 14:00:00,29,"FG-814080-99999"
"86722",2020-04-19 15:00:00,28.5,"FG-814080-99999"
"86820",2020-04-19 16:00:00,27.7,"FG-814080-99999"
"86923",2020-04-19 17:00:00,29.5,"FG-814080-99999"
"87024",2020-04-19 18:00:00,27.2,"FG-814080-99999"
"87124",2020-04-19 19:00:00,28,"FG-814080-99999"
"87220",2020-04-19 20:00:00,28,"FG-814080-99999"
"87323",2020-04-19 21:00:00,27.5,"FG-814080-99999"
"87420",2020-04-19 22:00:00,26.5,"FG-814080-99999"
"87523",2020-04-19 23:00:00,26.1,"FG-814080-99999"
"87623",2020-04-20 00:00:00,25.7,"FG-814080-99999"
"87720",2020-04-20 01:00:00,25.2,"FG-814080-99999"
"87822",2020-04-20 02:00:00,25.2,"FG-814080-99999"
"87921",2020-04-20 03:00:00,25,"FG-814080-99999"
"88018",2020-04-20 04:00:00,25,"FG-814080-99999"
"88118",2020-04-20 05:00:00,25,"FG-814080-99999"
"88220",2020-04-20 06:00:00,25,"FG-814080-99999"
"88318",2020-04-20 07:00:00,24.7,"FG-814080-99999"
"88417",2020-04-20 08:00:00,24.7,"FG-814080-99999"
"88518",2020-04-20 09:00:00,24.7,"FG-814080-99999"
"88619",2020-04-20 10:00:00,24.2,"FG-814080-99999"
"88717",2020-04-20 11:00:00,24.2,"FG-814080-99999"
"88818",2020-04-20 12:00:00,24.2,"FG-814080-99999"
"88918",2020-04-20 13:00:00,24,"FG-814080-99999"
"89019",2020-04-20 14:00:00,24,"FG-814080-99999"
"89120",2020-04-20 15:00:00,24.2,"FG-814080-99999"
"89218",2020-04-20 16:00:00,24.2,"FG-814080-99999"
"89317",2020-04-20 17:00:00,24.2,"FG-814080-99999"
"89419",2020-04-20 18:00:00,24.2,"FG-814080-99999"
"89517",2020-04-20 19:00:00,24.1,"FG-814080-99999"
"89618",2020-04-20 20:00:00,24.2,"FG-814080-99999"
"89719",2020-04-20 21:00:00,24.2,"FG-814080-99999"
"89819",2020-04-20 22:00:00,23.7,"FG-814080-99999"
"89918",2020-04-20 23:00:00,23.7,"FG-814080-99999"
"90019",2020-04-21 00:00:00,23.5,"FG-814080-99999"
"90118",2020-04-21 01:00:00,23.5,"FG-814080-99999"
"90220",2020-04-21 02:00:00,23.5,"FG-814080-99999"
"90319",2020-04-21 03:00:00,23.2,"FG-814080-99999"
"90416",2020-04-21 04:00:00,23.2,"FG-814080-99999"
"90517",2020-04-21 05:00:00,23,"FG-814080-99999"
"90620",2020-04-21 06:00:00,23.1,"FG-814080-99999"
"90715",2020-04-21 07:00:00,23,"FG-814080-99999"
"90816",2020-04-21 08:00:00,23.1,"FG-814080-99999"
"90915",2020-04-21 09:00:00,23.2,"FG-814080-99999"
"91018",2020-04-21 10:00:00,23.5,"FG-814080-99999"
"91118",2020-04-21 11:00:00,23.7,"FG-814080-99999"
"91220",2020-04-21 12:00:00,25.7,"FG-814080-99999"
"91318",2020-04-21 13:00:00,26.6,"FG-814080-99999"
"91418",2020-04-21 14:00:00,27.5,"FG-814080-99999"
"91519",2020-04-21 15:00:00,29,"FG-814080-99999"
"91619",2020-04-21 16:00:00,30,"FG-814080-99999"
"91717",2020-04-21 17:00:00,30.7,"FG-814080-99999"
"91818",2020-04-21 18:00:00,31.2,"FG-814080-99999"
"91916",2020-04-21 19:00:00,27.6,"FG-814080-99999"
"92018",2020-04-21 20:00:00,26.5,"FG-814080-99999"
"92120",2020-04-21 21:00:00,25.5,"FG-814080-99999"
"92218",2020-04-21 22:00:00,25.5,"FG-814080-99999"
"92316",2020-04-21 23:00:00,25,"FG-814080-99999"
"92420",2020-04-22 00:00:00,25,"FG-814080-99999"
"92517",2020-04-22 01:00:00,25,"FG-814080-99999"
"92617",2020-04-22 02:00:00,25,"FG-814080-99999"
"92718",2020-04-22 03:00:00,25,"FG-814080-99999"
"92820",2020-04-22 04:00:00,24.7,"FG-814080-99999"
"92917",2020-04-22 05:00:00,24.7,"FG-814080-99999"
"93017",2020-04-22 06:00:00,24.7,"FG-814080-99999"
"93118",2020-04-22 07:00:00,24.2,"FG-814080-99999"
"93220",2020-04-22 08:00:00,24,"FG-814080-99999"
"93319",2020-04-22 09:00:00,24,"FG-814080-99999"
"93416",2020-04-22 10:00:00,24.1,"FG-814080-99999"
"93517",2020-04-22 11:00:00,24.6,"FG-814080-99999"
"93619",2020-04-22 12:00:00,25.7,"FG-814080-99999"
"93717",2020-04-22 13:00:00,25.5,"FG-814080-99999"
"93818",2020-04-22 14:00:00,26.5,"FG-814080-99999"
"93917",2020-04-22 15:00:00,27.5,"FG-814080-99999"
"94020",2020-04-22 16:00:00,28.7,"FG-814080-99999"
"94119",2020-04-22 17:00:00,28.5,"FG-814080-99999"
"94218",2020-04-22 18:00:00,28,"FG-814080-99999"
"94316",2020-04-22 19:00:00,28.1,"FG-814080-99999"
"94420",2020-04-23 08:00:00,23.7,"FG-814080-99999"
"94517",2020-04-23 09:00:00,23.7,"FG-814080-99999"
"94617",2020-04-23 10:00:00,23.7,"FG-814080-99999"
"94718",2020-04-23 11:00:00,24.2,"FG-814080-99999"
"94818",2020-04-23 12:00:00,25.2,"FG-814080-99999"
"94917",2020-04-23 13:00:00,26.2,"FG-814080-99999"
"95018",2020-04-23 14:00:00,28.2,"FG-814080-99999"
"95119",2020-04-23 15:00:00,29,"FG-814080-99999"
"95217",2020-04-23 16:00:00,26,"FG-814080-99999"
"95319",2020-04-23 17:00:00,25.6,"FG-814080-99999"
"95417",2020-04-23 18:00:00,26.5,"FG-814080-99999"
"95516",2020-04-23 19:00:00,26.7,"FG-814080-99999"
"95618",2020-04-23 20:00:00,26.6,"FG-814080-99999"
"95719",2020-04-23 21:00:00,26.5,"FG-814080-99999"
"95816",2020-04-23 22:00:00,26.2,"FG-814080-99999"
"95919",2020-04-23 23:00:00,25.5,"FG-814080-99999"
"96018",2020-04-24 00:00:00,25,"FG-814080-99999"
"96119",2020-04-24 01:00:00,24.6,"FG-814080-99999"
"96219",2020-04-24 02:00:00,24.5,"FG-814080-99999"
"96319",2020-04-24 03:00:00,24.1,"FG-814080-99999"
"96416",2020-04-24 04:00:00,24,"FG-814080-99999"
"96519",2020-04-24 05:00:00,23.7,"FG-814080-99999"
"96620",2020-04-24 06:00:00,23.5,"FG-814080-99999"
"96715",2020-04-24 07:00:00,23.5,"FG-814080-99999"
"96819",2020-04-24 08:00:00,23,"FG-814080-99999"
"96920",2020-04-24 09:00:00,22.5,"FG-814080-99999"
"97016",2020-04-24 10:00:00,23,"FG-814080-99999"
"97119",2020-04-24 11:00:00,24.2,"FG-814080-99999"
"97219",2020-04-24 12:00:00,26,"FG-814080-99999"
"97317",2020-04-24 13:00:00,27.5,"FG-814080-99999"
"97418",2020-04-24 15:00:00,31.1,"FG-814080-99999"
"97517",2020-04-24 16:00:00,31.6,"FG-814080-99999"
"97616",2020-04-24 17:00:00,32.5,"FG-814080-99999"
"97718",2020-04-24 18:00:00,32.1,"FG-814080-99999"
"97819",2020-04-24 19:00:00,31.1,"FG-814080-99999"
"97916",2020-04-24 20:00:00,30.2,"FG-814080-99999"
"98017",2020-04-24 21:00:00,29,"FG-814080-99999"
"98119",2020-04-24 22:00:00,27.6,"FG-814080-99999"
"98218",2020-04-24 23:00:00,26.2,"FG-814080-99999"
"98318",2020-04-25 00:00:00,25.2,"FG-814080-99999"
"98416",2020-04-25 01:00:00,24.6,"FG-814080-99999"
"98519",2020-04-25 02:00:00,24.2,"FG-814080-99999"
"98619",2020-04-25 03:00:00,23.7,"FG-814080-99999"
"98718",2020-04-25 04:00:00,23.5,"FG-814080-99999"
"98816",2020-04-25 05:00:00,23.5,"FG-814080-99999"
"98920",2020-04-25 06:00:00,22.7,"FG-814080-99999"
"99016",2020-04-25 07:00:00,22.7,"FG-814080-99999"
"99118",2020-04-25 08:00:00,22.7,"FG-814080-99999"
"99218",2020-04-25 09:00:00,23,"FG-814080-99999"
"99318",2020-04-25 10:00:00,23.2,"FG-814080-99999"
"99416",2020-04-25 11:00:00,24.2,"FG-814080-99999"
"99517",2020-04-25 12:00:00,27,"FG-814080-99999"
"99619",2020-04-25 13:00:00,28.2,"FG-814080-99999"
"99717",2020-04-25 14:00:00,29.7,"FG-814080-99999"
"99817",2020-04-25 15:00:00,28.7,"FG-814080-99999"
"99917",2020-04-25 16:00:00,30,"FG-814080-99999"
"100017",2020-04-25 17:00:00,27.5,"FG-814080-99999"
"100119",2020-04-25 18:00:00,29.5,"FG-814080-99999"
"100219",2020-04-25 19:00:00,28.7,"FG-814080-99999"
"100316",2020-04-25 20:00:00,28.7,"FG-814080-99999"
"100419",2020-04-25 21:00:00,27.5,"FG-814080-99999"
"100518",2020-04-25 22:00:00,26.6,"FG-814080-99999"
"100616",2020-04-25 23:00:00,26.1,"FG-814080-99999"
"100717",2020-04-26 00:00:00,25.7,"FG-814080-99999"
"100817",2020-04-26 01:00:00,25.7,"FG-814080-99999"
"100918",2020-04-26 02:00:00,24,"FG-814080-99999"
"101020",2020-04-26 03:00:00,24,"FG-814080-99999"
"101118",2020-04-26 04:00:00,24,"FG-814080-99999"
"101217",2020-04-26 05:00:00,24.5,"FG-814080-99999"
"101319",2020-04-26 06:00:00,24.6,"FG-814080-99999"
"101417",2020-04-26 07:00:00,24.7,"FG-814080-99999"
"101516",2020-04-26 08:00:00,24.7,"FG-814080-99999"
"101618",2020-04-26 09:00:00,24.7,"FG-814080-99999"
"101716",2020-04-26 10:00:00,25,"FG-814080-99999"
"101816",2020-04-26 11:00:00,25.2,"FG-814080-99999"
"101918",2020-04-26 12:00:00,25.6,"FG-814080-99999"
"102016",2020-04-26 13:00:00,26,"FG-814080-99999"
"102118",2020-04-26 14:00:00,27.1,"FG-814080-99999"
"102219",2020-04-26 15:00:00,28.1,"FG-814080-99999"
"102317",2020-04-26 16:00:00,30.5,"FG-814080-99999"
"102416",2020-04-26 17:00:00,31.2,"FG-814080-99999"
"102518",2020-04-26 18:00:00,27.7,"FG-814080-99999"
"102616",2020-04-26 19:00:00,27.2,"FG-814080-99999"
"102716",2020-04-26 20:00:00,26.5,"FG-814080-99999"
"102820",2020-04-26 21:00:00,25.7,"FG-814080-99999"
"102915",2020-04-26 22:00:00,25.5,"FG-814080-99999"
"103016",2020-04-26 23:00:00,25,"FG-814080-99999"
"103121",2020-04-27 00:00:00,24.7,"FG-814080-99999"
"103218",2020-04-27 01:00:00,24.7,"FG-814080-99999"
"103318",2020-04-27 02:00:00,24.6,"FG-814080-99999"
"103418",2020-04-27 03:00:00,24.2,"FG-814080-99999"
"103517",2020-04-27 04:00:00,24.2,"FG-814080-99999"
"103619",2020-04-27 05:00:00,24,"FG-814080-99999"
"103717",2020-04-27 06:00:00,24,"FG-814080-99999"
"103816",2020-04-27 07:00:00,24.1,"FG-814080-99999"
"103914",2020-04-27 08:00:00,24.1,"FG-814080-99999"
"104018",2020-04-27 09:00:00,24,"FG-814080-99999"
"104118",2020-04-27 10:00:00,24,"FG-814080-99999"
"104217",2020-04-27 11:00:00,25,"FG-814080-99999"
"104318",2020-04-27 12:00:00,26,"FG-814080-99999"
"104418",2020-04-27 13:00:00,28,"FG-814080-99999"
"104516",2020-04-27 14:00:00,29,"FG-814080-99999"
"104619",2020-04-27 15:00:00,30,"FG-814080-99999"
"104717",2020-04-27 16:00:00,29.5,"FG-814080-99999"
"104816",2020-04-27 17:00:00,27.6,"FG-814080-99999"
"104917",2020-04-27 18:00:00,27.7,"FG-814080-99999"
"105017",2020-04-27 19:00:00,27.7,"FG-814080-99999"
"105119",2020-04-27 20:00:00,26.7,"FG-814080-99999"
"105218",2020-04-27 21:00:00,26,"FG-814080-99999"
"105317",2020-04-27 22:00:00,25.2,"FG-814080-99999"
"105414",2020-04-27 23:00:00,25.1,"FG-814080-99999"
"105515",2020-04-28 00:00:00,25,"FG-814080-99999"
"105615",2020-04-28 01:00:00,25,"FG-814080-99999"
"105713",2020-04-28 02:00:00,25,"FG-814080-99999"
"105818",2020-04-28 03:00:00,24.7,"FG-814080-99999"
"105917",2020-04-28 04:00:00,24.6,"FG-814080-99999"
"106017",2020-04-28 05:00:00,24.6,"FG-814080-99999"
"106120",2020-04-28 06:00:00,24.7,"FG-814080-99999"
"106218",2020-04-28 07:00:00,24.6,"FG-814080-99999"
"106317",2020-04-28 08:00:00,24.1,"FG-814080-99999"
"106419",2020-04-28 09:00:00,24,"FG-814080-99999"
"106519",2020-04-28 10:00:00,24.1,"FG-814080-99999"
"106616",2020-04-28 11:00:00,26.5,"FG-814080-99999"
"106719",2020-04-28 12:00:00,28,"FG-814080-99999"
"106815",2020-04-28 13:00:00,28,"FG-814080-99999"
"106915",2020-04-28 14:00:00,28.5,"FG-814080-99999"
"107018",2020-04-28 15:00:00,28.7,"FG-814080-99999"
"107119",2020-04-28 16:00:00,28.7,"FG-814080-99999"
"107218",2020-04-28 17:00:00,25.5,"FG-814080-99999"
"107319",2020-04-28 18:00:00,25.5,"FG-814080-99999"
"107418",2020-04-28 19:00:00,25.5,"FG-814080-99999"
"107517",2020-04-28 20:00:00,25.7,"FG-814080-99999"
"107622",2020-04-28 21:00:00,25.7,"FG-814080-99999"
"107717",2020-04-28 22:00:00,25.5,"FG-814080-99999"
"107817",2020-04-28 23:00:00,25.2,"FG-814080-99999"
"107920",2020-04-29 00:00:00,25.1,"FG-814080-99999"
"108020",2020-04-29 01:00:00,25,"FG-814080-99999"
"108119",2020-04-29 02:00:00,24.7,"FG-814080-99999"
"108219",2020-04-29 03:00:00,24.7,"FG-814080-99999"
"108318",2020-04-29 04:00:00,24.7,"FG-814080-99999"
"108419",2020-04-29 05:00:00,24.5,"FG-814080-99999"
"108518",2020-04-29 06:00:00,24.2,"FG-814080-99999"
"108617",2020-04-29 07:00:00,24.1,"FG-814080-99999"
"108715",2020-04-29 08:00:00,24,"FG-814080-99999"
"108820",2020-04-29 09:00:00,24,"FG-814080-99999"
"108918",2020-04-29 10:00:00,24,"FG-814080-99999"
"109017",2020-04-29 11:00:00,24.2,"FG-814080-99999"
"109119",2020-04-29 12:00:00,24.2,"FG-814080-99999"
"109219",2020-04-29 13:00:00,24.6,"FG-814080-99999"
"109318",2020-04-29 14:00:00,24.6,"FG-814080-99999"
"109418",2020-04-29 15:00:00,25,"FG-814080-99999"
"109518",2020-04-29 16:00:00,25.5,"FG-814080-99999"
"109618",2020-04-29 17:00:00,25.7,"FG-814080-99999"
"109719",2020-04-29 18:00:00,26.2,"FG-814080-99999"
"109816",2020-04-29 19:00:00,26.2,"FG-814080-99999"
"109917",2020-04-29 20:00:00,26.2,"FG-814080-99999"
"110020",2020-04-29 21:00:00,26,"FG-814080-99999"
"110120",2020-04-29 22:00:00,25.7,"FG-814080-99999"
"110218",2020-04-29 23:00:00,25.2,"FG-814080-99999"
"110318",2020-04-30 00:00:00,25,"FG-814080-99999"
"110416",2020-04-30 01:00:00,24.7,"FG-814080-99999"
"110515",2020-04-30 02:00:00,24.7,"FG-814080-99999"
"110618",2020-04-30 03:00:00,24.2,"FG-814080-99999"
"110719",2020-04-30 04:00:00,24.2,"FG-814080-99999"
"110816",2020-04-30 05:00:00,24.2,"FG-814080-99999"
"110919",2020-04-30 06:00:00,24.1,"FG-814080-99999"
"111018",2020-04-30 07:00:00,24,"FG-814080-99999"
"111118",2020-04-30 08:00:00,24,"FG-814080-99999"
"111221",2020-04-30 09:00:00,24.1,"FG-814080-99999"
"111317",2020-04-30 10:00:00,24.2,"FG-814080-99999"
"111416",2020-04-30 11:00:00,25.2,"FG-814080-99999"
"111520",2020-04-30 12:00:00,26.7,"FG-814080-99999"
"111616",2020-04-30 13:00:00,28.5,"FG-814080-99999"
"111716",2020-04-30 14:00:00,29,"FG-814080-99999"
"111818",2020-04-30 15:00:00,27.1,"FG-814080-99999"
"111916",2020-04-30 16:00:00,28.2,"FG-814080-99999"
"112017",2020-04-30 17:00:00,26.7,"FG-814080-99999"
"112120",2020-04-30 18:00:00,28.1,"FG-814080-99999"
"112217",2020-04-30 19:00:00,29,"FG-814080-99999"
"112319",2020-04-30 20:00:00,26.5,"FG-814080-99999"
"112420",2020-04-30 21:00:00,25.2,"FG-814080-99999"
"112515",2020-04-30 22:00:00,24.7,"FG-814080-99999"
"112617",2020-04-30 23:00:00,25,"FG-814080-99999"
"112720",2020-05-01 00:00:00,24.7,"FG-814080-99999"
"112816",2020-05-01 01:00:00,24.7,"FG-814080-99999"
"112918",2020-05-01 02:00:00,24.7,"FG-814080-99999"
"113018",2020-05-01 03:00:00,24.7,"FG-814080-99999"
"113118",2020-05-01 04:00:00,24.7,"FG-814080-99999"
"113219",2020-05-01 17:00:00,26.5,"FG-814080-99999"
"113318",2020-05-01 18:00:00,27.2,"FG-814080-99999"
"113417",2020-05-01 19:00:00,27.7,"FG-814080-99999"
"113518",2020-05-01 20:00:00,27.7,"FG-814080-99999"
"113620",2020-05-01 21:00:00,27.5,"FG-814080-99999"
"113717",2020-05-01 22:00:00,26.6,"FG-814080-99999"
"113816",2020-05-01 23:00:00,25.7,"FG-814080-99999"
"113919",2020-05-02 00:00:00,25.5,"FG-814080-99999"
"114019",2020-05-02 01:00:00,25.1,"FG-814080-99999"
"114119",2020-05-02 02:00:00,24.7,"FG-814080-99999"
"114219",2020-05-02 03:00:00,24.7,"FG-814080-99999"
"114317",2020-05-02 04:00:00,25.2,"FG-814080-99999"
"114418",2020-05-02 05:00:00,25.2,"FG-814080-99999"
"114519",2020-05-02 06:00:00,25,"FG-814080-99999"
"114616",2020-05-02 07:00:00,25.1,"FG-814080-99999"
"114717",2020-05-02 08:00:00,25,"FG-814080-99999"
"114819",2020-05-02 09:00:00,25,"FG-814080-99999"
"114919",2020-05-02 10:00:00,25.2,"FG-814080-99999"
"115016",2020-05-02 11:00:00,25.5,"FG-814080-99999"
"115120",2020-05-02 12:00:00,26.2,"FG-814080-99999"
"115218",2020-05-02 13:00:00,26,"FG-814080-99999"
"115320",2020-05-02 14:00:00,27.1,"FG-814080-99999"
"115418",2020-05-02 15:00:00,27.2,"FG-814080-99999"
"115516",2020-05-02 16:00:00,26.5,"FG-814080-99999"
"115617",2020-05-02 17:00:00,27,"FG-814080-99999"
"115720",2020-05-02 18:00:00,27.5,"FG-814080-99999"
"115816",2020-05-02 19:00:00,27.2,"FG-814080-99999"
"115915",2020-05-02 20:00:00,27,"FG-814080-99999"
"116016",2020-05-02 21:00:00,26.2,"FG-814080-99999"
"116118",2020-05-02 22:00:00,26.1,"FG-814080-99999"
"116218",2020-05-02 23:00:00,26,"FG-814080-99999"
"116320",2020-05-03 00:00:00,25.7,"FG-814080-99999"
"116417",2020-05-03 01:00:00,25.5,"FG-814080-99999"
"116517",2020-05-03 02:00:00,25.1,"FG-814080-99999"
"116622",2020-05-03 03:00:00,25,"FG-814080-99999"
"116716",2020-05-03 04:00:00,24.7,"FG-814080-99999"
"116816",2020-05-03 05:00:00,24.7,"FG-814080-99999"
"116919",2020-05-03 06:00:00,25,"FG-814080-99999"
"117018",2020-05-03 07:00:00,25,"FG-814080-99999"
"117118",2020-05-03 08:00:00,25,"FG-814080-99999"
"117220",2020-05-03 09:00:00,24.7,"FG-814080-99999"
"117318",2020-05-03 10:00:00,25,"FG-814080-99999"
"117419",2020-05-03 11:00:00,25.2,"FG-814080-99999"
"117519",2020-05-03 12:00:00,25.5,"FG-814080-99999"
"117618",2020-05-03 13:00:00,25.6,"FG-814080-99999"
"117717",2020-05-03 14:00:00,25.2,"FG-814080-99999"
"117819",2020-05-03 15:00:00,25.6,"FG-814080-99999"
"117919",2020-05-03 16:00:00,26.2,"FG-814080-99999"
"118016",2020-05-03 17:00:00,26.7,"FG-814080-99999"
"118119",2020-05-03 18:00:00,26.7,"FG-814080-99999"
"118218",2020-05-03 19:00:00,26.5,"FG-814080-99999"
"118318",2020-05-03 20:00:00,25.7,"FG-814080-99999"
"118418",2020-05-03 21:00:00,25.5,"FG-814080-99999"
"118518",2020-05-03 22:00:00,24.7,"FG-814080-99999"
"118616",2020-05-03 23:00:00,24.5,"FG-814080-99999"
"118720",2020-05-04 00:00:00,24.5,"FG-814080-99999"
"118817",2020-05-04 01:00:00,24,"FG-814080-99999"
"118915",2020-05-04 02:00:00,24,"FG-814080-99999"
"119017",2020-05-04 03:00:00,24,"FG-814080-99999"
"119120",2020-05-04 04:00:00,24.1,"FG-814080-99999"
"119217",2020-05-04 05:00:00,24.2,"FG-814080-99999"
"119319",2020-05-04 06:00:00,24.2,"FG-814080-99999"
"119418",2020-05-04 07:00:00,24.5,"FG-814080-99999"
"119518",2020-05-04 08:00:00,24.5,"FG-814080-99999"
"119616",2020-05-04 09:00:00,24.6,"FG-814080-99999"
"119717",2020-05-04 10:00:00,24.7,"FG-814080-99999"
"119816",2020-05-04 11:00:00,25.5,"FG-814080-99999"
"119918",2020-05-04 12:00:00,26.5,"FG-814080-99999"
"120020",2020-05-04 13:00:00,26.2,"FG-814080-99999"
"120118",2020-05-04 14:00:00,26.1,"FG-814080-99999"
"120219",2020-05-04 15:00:00,25.5,"FG-814080-99999"
"120318",2020-05-04 16:00:00,25.7,"FG-814080-99999"
"120416",2020-05-04 17:00:00,25.2,"FG-814080-99999"
"120519",2020-05-04 18:00:00,24.5,"FG-814080-99999"
"120617",2020-05-04 19:00:00,25,"FG-814080-99999"
"120718",2020-05-04 20:00:00,25,"FG-814080-99999"
"120818",2020-05-04 21:00:00,25.1,"FG-814080-99999"
"120917",2020-05-04 22:00:00,25,"FG-814080-99999"
"121018",2020-05-04 23:00:00,25,"FG-814080-99999"
"121119",2020-05-05 00:00:00,24.7,"FG-814080-99999"
"121218",2020-05-05 01:00:00,24.7,"FG-814080-99999"
"121317",2020-05-05 02:00:00,24.5,"FG-814080-99999"
"121419",2020-05-05 03:00:00,24.5,"FG-814080-99999"
"121517",2020-05-05 04:00:00,24.2,"FG-814080-99999"
"121618",2020-05-05 05:00:00,23.7,"FG-814080-99999"
"121717",2020-05-05 06:00:00,24,"FG-814080-99999"
"121818",2020-05-05 07:00:00,24.1,"FG-814080-99999"
"121916",2020-05-05 08:00:00,24,"FG-814080-99999"
"122016",2020-05-05 09:00:00,24,"FG-814080-99999"
"122117",2020-05-05 10:00:00,24.1,"FG-814080-99999"
"122214",2020-05-05 11:00:00,25,"FG-814080-99999"
"122315",2020-05-05 12:00:00,26.2,"FG-814080-99999"
"122415",2020-05-05 13:00:00,28,"FG-814080-99999"
"122513",2020-05-05 14:00:00,29.1,"FG-814080-99999"
"122616",2020-05-05 15:00:00,29.2,"FG-814080-99999"
"122714",2020-05-05 16:00:00,30,"FG-814080-99999"
"122813",2020-05-05 17:00:00,30,"FG-814080-99999"
"122915",2020-05-05 18:00:00,29.2,"FG-814080-99999"
"123015",2020-05-05 19:00:00,30.1,"FG-814080-99999"
"123117",2020-05-05 20:00:00,28,"FG-814080-99999"
"123216",2020-05-05 21:00:00,28,"FG-814080-99999"
"123315",2020-05-05 22:00:00,27,"FG-814080-99999"
"123413",2020-05-05 23:00:00,26.5,"FG-814080-99999"
"123515",2020-05-06 00:00:00,25.7,"FG-814080-99999"
"123614",2020-05-06 01:00:00,25.5,"FG-814080-99999"
"123713",2020-05-06 02:00:00,25.2,"FG-814080-99999"
"123815",2020-05-06 03:00:00,25.2,"FG-814080-99999"
"123914",2020-05-06 04:00:00,25.2,"FG-814080-99999"
"124013",2020-05-06 05:00:00,25.2,"FG-814080-99999"
"124118",2020-05-06 06:00:00,25.2,"FG-814080-99999"
"124215",2020-05-06 07:00:00,25.1,"FG-814080-99999"
"124314",2020-05-06 08:00:00,25.1,"FG-814080-99999"
"124416",2020-05-06 09:00:00,25,"FG-814080-99999"
"124514",2020-05-06 10:00:00,25,"FG-814080-99999"
"124613",2020-05-06 11:00:00,24,"FG-814080-99999"
"124715",2020-05-06 12:00:00,24.5,"FG-814080-99999"
"124815",2020-05-06 13:00:00,25.5,"FG-814080-99999"
"124913",2020-05-06 14:00:00,27.2,"FG-814080-99999"
"125015",2020-05-06 15:00:00,28.7,"FG-814080-99999"
"125117",2020-05-06 16:00:00,29.5,"FG-814080-99999"
"125215",2020-05-06 17:00:00,28.5,"FG-814080-99999"
"125315",2020-05-06 18:00:00,29.5,"FG-814080-99999"
"125414",2020-05-06 19:00:00,30.1,"FG-814080-99999"
"125513",2020-05-06 20:00:00,28.7,"FG-814080-99999"
"125614",2020-05-06 21:00:00,26,"FG-814080-99999"
"125714",2020-05-06 22:00:00,25.2,"FG-814080-99999"
"125814",2020-05-06 23:00:00,25.2,"FG-814080-99999"
"125914",2020-05-07 00:00:00,25.1,"FG-814080-99999"
"126014",2020-05-07 01:00:00,25.1,"FG-814080-99999"
"126117",2020-05-07 02:00:00,24.7,"FG-814080-99999"
"126216",2020-05-07 03:00:00,24.7,"FG-814080-99999"
"126314",2020-05-07 04:00:00,24.7,"FG-814080-99999"
"126414",2020-05-07 05:00:00,24.6,"FG-814080-99999"
"126514",2020-05-07 06:00:00,24.5,"FG-814080-99999"
"126614",2020-05-07 07:00:00,24.2,"FG-814080-99999"
"126714",2020-05-07 08:00:00,24.2,"FG-814080-99999"
"126814",2020-05-07 09:00:00,24.1,"FG-814080-99999"
"126914",2020-05-07 10:00:00,24.2,"FG-814080-99999"
"127014",2020-05-07 11:00:00,24.2,"FG-814080-99999"
"127118",2020-05-07 12:00:00,24.6,"FG-814080-99999"
"127215",2020-05-07 13:00:00,24.7,"FG-814080-99999"
"127314",2020-05-07 14:00:00,24.7,"FG-814080-99999"
"127414",2020-05-07 15:00:00,25.2,"FG-814080-99999"
"127515",2020-05-07 16:00:00,25.6,"FG-814080-99999"
"127614",2020-05-07 17:00:00,25.7,"FG-814080-99999"
"127714",2020-05-07 18:00:00,26.5,"FG-814080-99999"
"127814",2020-05-07 19:00:00,26.7,"FG-814080-99999"
"127915",2020-05-07 20:00:00,27.1,"FG-814080-99999"
"128014",2020-05-07 21:00:00,27.1,"FG-814080-99999"
"128117",2020-05-07 22:00:00,26.1,"FG-814080-99999"
"128215",2020-05-07 23:00:00,25.7,"FG-814080-99999"
"128314",2020-05-08 00:00:00,25.5,"FG-814080-99999"
"128414",2020-05-08 01:00:00,25.2,"FG-814080-99999"
"128514",2020-05-08 02:00:00,25,"FG-814080-99999"
"128614",2020-05-08 03:00:00,25,"FG-814080-99999"
"128714",2020-05-08 04:00:00,24.7,"FG-814080-99999"
"128814",2020-05-08 05:00:00,24.7,"FG-814080-99999"
"128914",2020-05-08 06:00:00,24.6,"FG-814080-99999"
"129014",2020-05-08 07:00:00,24.5,"FG-814080-99999"
"129117",2020-05-08 08:00:00,24.5,"FG-814080-99999"
"129216",2020-05-08 09:00:00,24.2,"FG-814080-99999"
"129314",2020-05-08 10:00:00,24.5,"FG-814080-99999"
"129414",2020-05-08 11:00:00,25,"FG-814080-99999"
"129514",2020-05-08 12:00:00,27,"FG-814080-99999"
"129614",2020-05-08 13:00:00,27.6,"FG-814080-99999"
"129714",2020-05-08 14:00:00,28.5,"FG-814080-99999"
"129815",2020-05-08 15:00:00,29.1,"FG-814080-99999"
"129914",2020-05-08 16:00:00,30.2,"FG-814080-99999"
"130014",2020-05-08 17:00:00,29.7,"FG-814080-99999"
"130117",2020-05-08 18:00:00,30.1,"FG-814080-99999"
"130216",2020-05-08 19:00:00,26.7,"FG-814080-99999"
"130314",2020-05-08 20:00:00,26.2,"FG-814080-99999"
"130414",2020-05-08 21:00:00,26.5,"FG-814080-99999"
"130514",2020-05-08 22:00:00,25.5,"FG-814080-99999"
"130614",2020-05-08 23:00:00,25.2,"FG-814080-99999"
"130714",2020-05-09 00:00:00,25.5,"FG-814080-99999"
"130814",2020-05-09 01:00:00,25.1,"FG-814080-99999"
"130914",2020-05-09 02:00:00,25.1,"FG-814080-99999"
"131017",2020-05-09 03:00:00,25,"FG-814080-99999"
"131117",2020-05-09 04:00:00,24.7,"FG-814080-99999"
"131215",2020-05-09 05:00:00,24.6,"FG-814080-99999"
"131315",2020-05-09 06:00:00,24.6,"FG-814080-99999"
"131415",2020-05-09 07:00:00,24.5,"FG-814080-99999"
"131514",2020-05-09 08:00:00,24.5,"FG-814080-99999"
"131614",2020-05-09 09:00:00,24.5,"FG-814080-99999"
"131714",2020-05-09 10:00:00,24.6,"FG-814080-99999"
"131814",2020-05-09 11:00:00,25.5,"FG-814080-99999"
"131914",2020-05-09 12:00:00,26.5,"FG-814080-99999"
"132014",2020-05-09 13:00:00,27.5,"FG-814080-99999"
"132117",2020-05-09 14:00:00,28.2,"FG-814080-99999"
"132216",2020-05-09 15:00:00,28.2,"FG-814080-99999"
"132314",2020-05-09 16:00:00,29,"FG-814080-99999"
"132414",2020-05-09 17:00:00,29.2,"FG-814080-99999"
"132514",2020-05-09 18:00:00,26.2,"FG-814080-99999"
"132615",2020-05-09 19:00:00,26.1,"FG-814080-99999"
"132714",2020-05-09 20:00:00,26.5,"FG-814080-99999"
"132814",2020-05-09 21:00:00,26.2,"FG-814080-99999"
"132914",2020-05-09 22:00:00,26,"FG-814080-99999"
"133015",2020-05-09 23:00:00,25.5,"FG-814080-99999"
"133117",2020-05-10 00:00:00,25.2,"FG-814080-99999"
"133215",2020-05-10 01:00:00,25.2,"FG-814080-99999"
"133314",2020-05-10 02:00:00,25.1,"FG-814080-99999"
"133414",2020-05-10 03:00:00,25.1,"FG-814080-99999"
"133514",2020-05-10 04:00:00,25,"FG-814080-99999"
"133614",2020-05-10 05:00:00,25,"FG-814080-99999"
"133714",2020-05-10 06:00:00,24.7,"FG-814080-99999"
"133814",2020-05-10 07:00:00,24.5,"FG-814080-99999"
"133914",2020-05-10 08:00:00,24.5,"FG-814080-99999"
"134014",2020-05-10 09:00:00,24.6,"FG-814080-99999"
"134117",2020-05-10 10:00:00,24.6,"FG-814080-99999"
"134215",2020-05-10 11:00:00,25,"FG-814080-99999"
"134315",2020-05-10 12:00:00,25.5,"FG-814080-99999"
"134414",2020-05-10 13:00:00,27.6,"FG-814080-99999"
"134514",2020-05-10 14:00:00,28.2,"FG-814080-99999"
"134614",2020-05-10 15:00:00,28.6,"FG-814080-99999"
"134715",2020-05-10 16:00:00,26.2,"FG-814080-99999"
"134814",2020-05-10 17:00:00,26.7,"FG-814080-99999"
"134914",2020-05-10 18:00:00,27.2,"FG-814080-99999"
"135014",2020-05-10 19:00:00,27.1,"FG-814080-99999"
"135117",2020-05-10 20:00:00,25.2,"FG-814080-99999"
"135215",2020-05-10 21:00:00,25.5,"FG-814080-99999"
"135315",2020-05-10 22:00:00,25.2,"FG-814080-99999"
"135414",2020-05-10 23:00:00,25.1,"FG-814080-99999"
"135515",2020-05-11 00:00:00,25.1,"FG-814080-99999"
"135613",2020-05-11 01:00:00,25,"FG-814080-99999"
"135713",2020-05-11 02:00:00,24.7,"FG-814080-99999"
"135815",2020-05-11 03:00:00,24.7,"FG-814080-99999"
"135914",2020-05-11 04:00:00,24.7,"FG-814080-99999"
"136013",2020-05-11 05:00:00,24.2,"FG-814080-99999"
"136118",2020-05-11 06:00:00,24.6,"FG-814080-99999"
"136215",2020-05-11 07:00:00,24.7,"FG-814080-99999"
"136313",2020-05-11 08:00:00,24.6,"FG-814080-99999"
"136415",2020-05-11 09:00:00,24.7,"FG-814080-99999"
"136514",2020-05-11 10:00:00,24.7,"FG-814080-99999"
"136613",2020-05-11 11:00:00,24.5,"FG-814080-99999"
"136715",2020-05-11 12:00:00,24.5,"FG-814080-99999"
"136814",2020-05-11 13:00:00,24.5,"FG-814080-99999"
"136913",2020-05-11 14:00:00,25.5,"FG-814080-99999"
"137016",2020-05-11 15:00:00,25.7,"FG-814080-99999"
"137117",2020-05-11 16:00:00,26,"FG-814080-99999"
"137214",2020-05-11 17:00:00,26.2,"FG-814080-99999"
"137315",2020-05-11 18:00:00,26.7,"FG-814080-99999"
"137415",2020-05-11 19:00:00,27.2,"FG-814080-99999"
"137513",2020-05-11 20:00:00,27,"FG-814080-99999"
"137615",2020-05-11 21:00:00,26.5,"FG-814080-99999"
"137714",2020-05-11 22:00:00,26.1,"FG-814080-99999"
"137814",2020-05-11 23:00:00,26,"FG-814080-99999"
"137915",2020-05-12 00:00:00,25.5,"FG-814080-99999"
"138014",2020-05-12 01:00:00,25.2,"FG-814080-99999"
"138116",2020-05-12 02:00:00,24.7,"FG-814080-99999"
"138216",2020-05-12 03:00:00,24.7,"FG-814080-99999"
"138314",2020-05-12 04:00:00,24.5,"FG-814080-99999"
"138413",2020-05-12 05:00:00,24.5,"FG-814080-99999"
"138515",2020-05-12 06:00:00,24.6,"FG-814080-99999"
"138614",2020-05-12 07:00:00,24.5,"FG-814080-99999"
"138713",2020-05-12 08:00:00,24.6,"FG-814080-99999"
"138815",2020-05-12 09:00:00,24.6,"FG-814080-99999"
"138914",2020-05-12 10:00:00,24.7,"FG-814080-99999"
"139013",2020-05-12 11:00:00,25.2,"FG-814080-99999"
"139119",2020-05-12 12:00:00,24.7,"FG-814080-99999"
"139215",2020-05-12 13:00:00,24.2,"FG-814080-99999"
"139314",2020-05-12 14:00:00,24.7,"FG-814080-99999"
"139415",2020-05-12 15:00:00,25.5,"FG-814080-99999"
"139514",2020-05-12 16:00:00,26.2,"FG-814080-99999"
"139613",2020-05-12 17:00:00,26.5,"FG-814080-99999"
"139716",2020-05-12 18:00:00,26.7,"FG-814080-99999"
"139814",2020-05-12 19:00:00,26.7,"FG-814080-99999"
"139913",2020-05-12 20:00:00,26.2,"FG-814080-99999"
"140015",2020-05-12 21:00:00,25.7,"FG-814080-99999"
"140116",2020-05-12 22:00:00,25.6,"FG-814080-99999"
"140214",2020-05-12 23:00:00,25.5,"FG-814080-99999"
"140316",2020-05-13 00:00:00,25.1,"FG-814080-99999"
"140414",2020-05-13 01:00:00,25,"FG-814080-99999"
"140513",2020-05-13 02:00:00,24.6,"FG-814080-99999"
"140615",2020-05-13 03:00:00,24.2,"FG-814080-99999"
"140714",2020-05-13 04:00:00,24,"FG-814080-99999"
"140814",2020-05-13 05:00:00,24.2,"FG-814080-99999"
"140914",2020-05-13 06:00:00,24,"FG-814080-99999"
"141017",2020-05-13 07:00:00,24,"FG-814080-99999"
"141117",2020-05-13 08:00:00,23.7,"FG-814080-99999"
"141216",2020-05-13 09:00:00,23.6,"FG-814080-99999"
"141315",2020-05-13 10:00:00,23.7,"FG-814080-99999"
"141415",2020-05-13 11:00:00,24.7,"FG-814080-99999"
"141515",2020-05-13 12:00:00,24.6,"FG-814080-99999"
"141614",2020-05-13 13:00:00,25.7,"FG-814080-99999"
"141714",2020-05-13 14:00:00,26.7,"FG-814080-99999"
"141815",2020-05-13 15:00:00,26.7,"FG-814080-99999"
"141913",2020-05-13 16:00:00,26.5,"FG-814080-99999"
"142014",2020-05-13 17:00:00,27.5,"FG-814080-99999"
"142118",2020-05-13 18:00:00,26.5,"FG-814080-99999"
"142215",2020-05-13 19:00:00,27.7,"FG-814080-99999"
"142314",2020-05-13 20:00:00,27.5,"FG-814080-99999"
"142415",2020-05-13 21:00:00,27.2,"FG-814080-99999"
"142513",2020-05-13 22:00:00,26.2,"FG-814080-99999"
"142614",2020-05-13 23:00:00,25.2,"FG-814080-99999"
"142715",2020-05-14 00:00:00,25.1,"FG-814080-99999"
"142813",2020-05-14 01:00:00,25.2,"FG-814080-99999"
"142914",2020-05-14 02:00:00,25.2,"FG-814080-99999"
"143014",2020-05-14 03:00:00,25.1,"FG-814080-99999"
"143115",2020-05-14 04:00:00,25,"FG-814080-99999"
"143214",2020-05-14 05:00:00,25,"FG-814080-99999"
"143315",2020-05-14 06:00:00,24.7,"FG-814080-99999"
"143412",2020-05-14 07:00:00,25,"FG-814080-99999"
"143513",2020-05-14 08:00:00,24.7,"FG-814080-99999"
"143614",2020-05-14 09:00:00,24.6,"FG-814080-99999"
"143711",2020-05-14 10:00:00,24.6,"FG-814080-99999"
"143814",2020-05-14 11:00:00,25,"FG-814080-99999"
"143914",2020-05-14 12:00:00,25,"FG-814080-99999"
"144012",2020-05-14 13:00:00,24.6,"FG-814080-99999"
"144117",2020-05-14 14:00:00,25,"FG-814080-99999"
"144215",2020-05-14 15:00:00,25.6,"FG-814080-99999"
"144313",2020-05-14 16:00:00,26,"FG-814080-99999"
"144414",2020-05-14 17:00:00,26,"FG-814080-99999"
"144514",2020-05-14 18:00:00,26.5,"FG-814080-99999"
"144612",2020-05-14 19:00:00,26,"FG-814080-99999"
"144713",2020-05-14 20:00:00,26.2,"FG-814080-99999"
"144814",2020-05-14 21:00:00,25.2,"FG-814080-99999"
"144912",2020-05-14 22:00:00,25.2,"FG-814080-99999"
"145013",2020-05-14 23:00:00,24.6,"FG-814080-99999"
"145116",2020-05-15 00:00:00,24.6,"FG-814080-99999"
"145214",2020-05-15 01:00:00,24.5,"FG-814080-99999"
"145314",2020-05-15 02:00:00,24.7,"FG-814080-99999"
"145414",2020-05-15 03:00:00,24.5,"FG-814080-99999"
"145512",2020-05-15 04:00:00,24.5,"FG-814080-99999"
"145613",2020-05-15 05:00:00,24.5,"FG-814080-99999"
"145715",2020-05-15 06:00:00,24.5,"FG-814080-99999"
"145812",2020-05-15 07:00:00,24.5,"FG-814080-99999"
"145913",2020-05-15 08:00:00,23.2,"FG-814080-99999"
"146014",2020-05-15 09:00:00,23.5,"FG-814080-99999"
"146116",2020-05-15 10:00:00,23.6,"FG-814080-99999"
"146215",2020-05-15 11:00:00,24.2,"FG-814080-99999"
"146314",2020-05-15 12:00:00,25.2,"FG-814080-99999"
"146413",2020-05-15 13:00:00,26,"FG-814080-99999"
"146514",2020-05-15 14:00:00,26.1,"FG-814080-99999"
"146614",2020-05-15 15:00:00,25.2,"FG-814080-99999"
"146712",2020-05-15 16:00:00,24.7,"FG-814080-99999"
"146813",2020-05-15 17:00:00,25,"FG-814080-99999"
"146914",2020-05-15 18:00:00,25,"FG-814080-99999"
"147012",2020-05-15 19:00:00,25.2,"FG-814080-99999"
"147116",2020-05-15 20:00:00,25.1,"FG-814080-99999"
"147215",2020-05-15 21:00:00,25,"FG-814080-99999"
"147313",2020-05-15 22:00:00,24.7,"FG-814080-99999"
"147413",2020-05-15 23:00:00,24.2,"FG-814080-99999"
"147514",2020-05-16 00:00:00,24.2,"FG-814080-99999"
"147612",2020-05-16 01:00:00,24.2,"FG-814080-99999"
"147713",2020-05-16 02:00:00,24,"FG-814080-99999"
"147815",2020-05-16 03:00:00,24,"FG-814080-99999"
"147912",2020-05-16 04:00:00,24,"FG-814080-99999"
"148013",2020-05-16 05:00:00,23.5,"FG-814080-99999"
"148116",2020-05-16 06:00:00,23.2,"FG-814080-99999"
"148215",2020-05-16 07:00:00,23.1,"FG-814080-99999"
"148314",2020-05-16 08:00:00,22.7,"FG-814080-99999"
"148415",2020-05-16 09:00:00,22.6,"FG-814080-99999"
"148512",2020-05-16 10:00:00,23,"FG-814080-99999"
"148613",2020-05-16 11:00:00,24.2,"FG-814080-99999"
"148714",2020-05-16 12:00:00,25.5,"FG-814080-99999"
"148812",2020-05-16 13:00:00,26.5,"FG-814080-99999"
"148913",2020-05-16 14:00:00,27.7,"FG-814080-99999"
"149014",2020-05-16 15:00:00,25.5,"FG-814080-99999"
"149115",2020-05-16 16:00:00,26.2,"FG-814080-99999"
"149214",2020-05-16 17:00:00,27.1,"FG-814080-99999"
"149315",2020-05-16 18:00:00,27.2,"FG-814080-99999"
"149412",2020-05-16 19:00:00,28.5,"FG-814080-99999"
"149512",2020-05-16 20:00:00,28.2,"FG-814080-99999"
"149615",2020-05-16 21:00:00,27,"FG-814080-99999"
"149712",2020-05-16 22:00:00,26.1,"FG-814080-99999"
"149812",2020-05-16 23:00:00,26,"FG-814080-99999"
"149915",2020-05-17 00:00:00,25.5,"FG-814080-99999"
"150012",2020-05-17 01:00:00,25.7,"FG-814080-99999"
"150116",2020-05-17 02:00:00,25.7,"FG-814080-99999"
"150217",2020-05-17 03:00:00,25.5,"FG-814080-99999"
"150313",2020-05-17 04:00:00,25.2,"FG-814080-99999"
"150412",2020-05-17 05:00:00,25,"FG-814080-99999"
"150516",2020-05-17 06:00:00,24.7,"FG-814080-99999"
"150612",2020-05-17 07:00:00,24.7,"FG-814080-99999"
"150712",2020-05-17 08:00:00,24.7,"FG-814080-99999"
"150815",2020-05-17 09:00:00,24.7,"FG-814080-99999"
"150912",2020-05-17 10:00:00,25,"FG-814080-99999"
"151015",2020-05-17 11:00:00,25.7,"FG-814080-99999"
"151117",2020-05-17 12:00:00,27.2,"FG-814080-99999"
"151215",2020-05-17 13:00:00,28.2,"FG-814080-99999"
"151313",2020-05-17 14:00:00,29.2,"FG-814080-99999"
"151413",2020-05-17 15:00:00,29,"FG-814080-99999"
"151512",2020-05-17 16:00:00,27.2,"FG-814080-99999"
"151614",2020-05-17 17:00:00,25,"FG-814080-99999"
"151712",2020-05-17 18:00:00,25,"FG-814080-99999"
"151812",2020-05-17 19:00:00,24.7,"FG-814080-99999"
"151915",2020-05-17 20:00:00,24.5,"FG-814080-99999"
"152013",2020-05-17 21:00:00,24.2,"FG-814080-99999"
"152115",2020-05-17 22:00:00,24,"FG-814080-99999"
"152215",2020-05-17 23:00:00,24.2,"FG-814080-99999"
"152314",2020-05-18 00:00:00,24.2,"FG-814080-99999"
"152412",2020-05-18 01:00:00,24.1,"FG-814080-99999"
"152514",2020-05-18 02:00:00,24.2,"FG-814080-99999"
"152613",2020-05-18 03:00:00,24.2,"FG-814080-99999"
"152712",2020-05-18 04:00:00,24.2,"FG-814080-99999"
"152814",2020-05-18 05:00:00,24.5,"FG-814080-99999"
"152913",2020-05-18 06:00:00,24.5,"FG-814080-99999"
"153012",2020-05-18 07:00:00,24.2,"FG-814080-99999"
"153117",2020-05-18 08:00:00,24.2,"FG-814080-99999"
"153215",2020-05-18 09:00:00,24.2,"FG-814080-99999"
"153313",2020-05-18 10:00:00,24.5,"FG-814080-99999"
"153414",2020-05-18 11:00:00,25.1,"FG-814080-99999"
"153513",2020-05-18 12:00:00,26.5,"FG-814080-99999"
"153612",2020-05-18 13:00:00,27.7,"FG-814080-99999"
"153713",2020-05-18 14:00:00,28.6,"FG-814080-99999"
"153813",2020-05-18 15:00:00,28.5,"FG-814080-99999"
"153913",2020-05-18 16:00:00,29.6,"FG-814080-99999"
"154013",2020-05-18 17:00:00,31.5,"FG-814080-99999"
"154116",2020-05-18 18:00:00,29.7,"FG-814080-99999"
"154213",2020-05-18 19:00:00,29.1,"FG-814080-99999"
"154314",2020-05-18 20:00:00,28.1,"FG-814080-99999"
"154414",2020-05-18 21:00:00,27.1,"FG-814080-99999"
"154512",2020-05-18 22:00:00,27,"FG-814080-99999"
"154614",2020-05-18 23:00:00,26.7,"FG-814080-99999"
"154713",2020-05-19 00:00:00,26.2,"FG-814080-99999"
"154813",2020-05-19 01:00:00,25.7,"FG-814080-99999"
"154914",2020-05-19 02:00:00,25.2,"FG-814080-99999"
"155013",2020-05-19 03:00:00,25,"FG-814080-99999"
"155115",2020-05-19 04:00:00,24.7,"FG-814080-99999"
"155215",2020-05-19 05:00:00,24.7,"FG-814080-99999"
"155313",2020-05-19 06:00:00,24.7,"FG-814080-99999"
"155411",2020-05-19 07:00:00,24.2,"FG-814080-99999"
"155513",2020-05-19 08:00:00,24.2,"FG-814080-99999"
"155613",2020-05-19 09:00:00,24.5,"FG-814080-99999"
"155712",2020-05-19 10:00:00,24.7,"FG-814080-99999"
"155814",2020-05-19 11:00:00,26.2,"FG-814080-99999"
"155913",2020-05-19 12:00:00,27.5,"FG-814080-99999"
"156011",2020-05-19 13:00:00,28.6,"FG-814080-99999"
"156117",2020-05-19 14:00:00,30.2,"FG-814080-99999"
"156215",2020-05-19 15:00:00,31.2,"FG-814080-99999"
"156312",2020-05-19 16:00:00,30.6,"FG-814080-99999"
"156413",2020-05-19 17:00:00,29,"FG-814080-99999"
"156514",2020-05-19 18:00:00,29.1,"FG-814080-99999"
"156612",2020-05-19 19:00:00,29,"FG-814080-99999"
"156714",2020-05-19 20:00:00,27.7,"FG-814080-99999"
"156813",2020-05-19 21:00:00,27.1,"FG-814080-99999"
"156913",2020-05-19 22:00:00,26.6,"FG-814080-99999"
"157014",2020-05-19 23:00:00,26.1,"FG-814080-99999"
"157116",2020-05-20 00:00:00,25.7,"FG-814080-99999"
"157213",2020-05-20 01:00:00,25.5,"FG-814080-99999"
"157314",2020-05-20 02:00:00,25,"FG-814080-99999"
"157413",2020-05-20 03:00:00,24.6,"FG-814080-99999"
"157512",2020-05-20 04:00:00,24.2,"FG-814080-99999"
"157613",2020-05-20 05:00:00,24.1,"FG-814080-99999"
"157713",2020-05-20 06:00:00,24,"FG-814080-99999"
"157812",2020-05-20 07:00:00,24.5,"FG-814080-99999"
"157914",2020-05-20 08:00:00,24.5,"FG-814080-99999"
"158013",2020-05-20 09:00:00,24.2,"FG-814080-99999"
"158115",2020-05-20 10:00:00,25,"FG-814080-99999"
"158215",2020-05-20 11:00:00,25.5,"FG-814080-99999"
"158314",2020-05-20 12:00:00,28.1,"FG-814080-99999"
"158412",2020-05-20 13:00:00,28.7,"FG-814080-99999"
"158514",2020-05-20 14:00:00,29.2,"FG-814080-99999"
"158613",2020-06-11 12:00:00,27.2,"FG-814080-99999"
"158714",2020-06-11 13:00:00,28.7,"FG-814080-99999"
"158813",2020-06-11 14:00:00,28.7,"FG-814080-99999"
"158913",2020-06-11 17:00:00,27.1,"FG-814080-99999"
"159013",2020-06-14 01:00:00,25,"FG-814080-99999"
"159117",2020-06-25 14:00:00,25.6,"FG-814080-99999"
"159215",2020-08-03 15:00:00,29.7,"FG-814080-99999"
"159313",2020-08-03 17:00:00,28,"FG-814080-99999"
"159413",2020-08-04 07:00:00,22.7,"FG-814080-99999"
"159513",2020-11-05 20:00:00,25.2,"FG-814080-99999"
"159613",2020-11-07 09:00:00,24.6,"FG-814080-99999"
"159713",2020-11-18 11:00:00,24,"FG-814080-99999"
"159813",2020-11-23 11:00:00,24.2,"FG-814080-99999"
"159913",2020-11-24 07:00:00,23,"FG-814080-99999"
"160013",2020-11-24 08:00:00,22.2,"FG-814080-99999"
"160116",2020-11-24 09:00:00,22.1,"FG-814080-99999"
"160214",2020-11-24 10:00:00,22.2,"FG-814080-99999"
"160314",2020-12-16 02:00:00,24.7,"FG-814080-99999"
"160413",2020-12-16 05:00:00,24.5,"FG-814080-99999"
"160513",2020-12-16 06:00:00,24.1,"FG-814080-99999"
